,months_as_customer,policy_csl,policy_deductable,policy_annual_premium,umbrella_limit,insured_sex,insured_education_level,insured_occupation,insured_relationship,capital_gains,capital_loss,incident_type,collision_type,incident_severity,authorities_contacted,incident_hour_of_the_day,number_of_vehicles_involved,property_damage,bodily_injuries,witnesses,police_report_available,injury_claim,property_claim,vehicle_claim
0,328,250/500,1000,1406.91,0,MALE,MD,craft-repair,husband,53300,0,Single Vehicle Collision,Side Collision,Major Damage,Police,5,1,YES,1,2,YES,6510,13020,52080
1,228,250/500,2000,1197.22,5000000,MALE,MD,machine-op-inspct,other-relative,0,0,Vehicle Theft,Rear Collision,Minor Damage,Police,8,1,NO,0,0,NO,780,780,3510
2,134,100/300,2000,1413.14,5000000,FEMALE,PhD,sales,own-child,35100,0,Multi-vehicle Collision,Rear Collision,Minor Damage,Police,7,3,NO,2,3,NO,7700,3850,23100
3,256,250/500,2000,1415.74,6000000,FEMALE,PhD,armed-forces,unmarried,48900,-62400,Single Vehicle Collision,Front Collision,Major Damage,Police,5,1,NO,1,2,NO,6340,6340,50720
4,228,500/1000,1000,1583.91,6000000,MALE,Associate,sales,unmarried,66000,-46000,Vehicle Theft,Rear Collision,Minor Damage,None,20,1,NO,0,1,NO,1300,650,4550
5,256,250/500,1000,1351.1,0,FEMALE,PhD,tech-support,unmarried,0,0,Multi-vehicle Collision,Rear Collision,Major Damage,Fire,19,3,NO,0,2,NO,6410,6410,51280
6,137,250/500,1000,1333.35,0,MALE,PhD,prof-specialty,husband,0,-77000,Multi-vehicle Collision,Front Collision,Minor Damage,Police,0,3,NO,0,0,NO,21450,7150,50050
7,165,100/300,1000,1137.03,0,MALE,Associate,tech-support,unmarried,0,0,Multi-vehicle Collision,Front Collision,Total Loss,Police,23,3,NO,2,2,YES,9380,9380,32830
8,27,100/300,500,1442.99,0,FEMALE,PhD,other-service,own-child,0,0,Single Vehicle Collision,Front Collision,Total Loss,Police,21,1,NO,1,1,YES,2770,2770,22160
9,212,100/300,500,1315.68,0,MALE,PhD,priv-house-serv,wife,0,-39300,Single Vehicle Collision,Rear Collision,Total Loss,Other,14,1,NO,2,1,NO,4700,4700,32900
10,235,100/300,500,1253.12,4000000,FEMALE,Masters,exec-managerial,other-relative,38400,0,Single Vehicle Collision,Front Collision,Total Loss,Police,22,1,YES,2,2,NO,7910,15820,63280
11,447,100/300,2000,1137.16,0,FEMALE,High School,exec-managerial,other-relative,0,-51000,Multi-vehicle Collision,Front Collision,Major Damage,Fire,21,3,YES,1,2,YES,17680,17680,79560
12,60,500/1000,500,1215.36,3000000,MALE,MD,protective-serv,wife,0,0,Single Vehicle Collision,Rear Collision,Total Loss,Ambulance,9,1,YES,1,0,NO,4710,9420,42390
13,121,100/300,1000,936.61,0,FEMALE,MD,armed-forces,wife,52800,-32800,Parked Car,Rear Collision,Minor Damage,None,5,1,NO,1,1,NO,1120,1120,5040
14,180,250/500,2000,1301.13,0,FEMALE,College,machine-op-inspct,not-in-family,41300,-55500,Single Vehicle Collision,Rear Collision,Total Loss,Police,12,1,NO,0,2,YES,4200,8400,33600
15,473,100/300,2000,1131.4,0,FEMALE,MD,transport-moving,other-relative,55700,0,Multi-vehicle Collision,Side Collision,Major Damage,Other,12,4,YES,0,0,NO,10520,10520,42080
16,70,500/1000,1000,1199.44,5000000,MALE,College,machine-op-inspct,own-child,63600,0,Multi-vehicle Collision,Rear Collision,Major Damage,Other,0,3,NO,1,2,YES,5790,5790,40530
17,140,500/1000,500,708.64,6000000,MALE,High School,machine-op-inspct,unmarried,53500,0,Single Vehicle Collision,Side Collision,Total Loss,Police,9,1,NO,0,2,YES,14160,7080,56640
18,160,500/1000,500,1374.22,0,FEMALE,MD,craft-repair,other-relative,45500,-37800,Single Vehicle Collision,Side Collision,Total Loss,Other,19,1,YES,1,0,NO,6630,13260,53040
19,196,500/1000,2000,1475.73,0,FEMALE,High School,handlers-cleaners,own-child,57000,-27300,Multi-vehicle Collision,Side Collision,Major Damage,Police,8,3,NO,2,0,NO,6040,6040,48320
20,460,250/500,1000,1187.96,4000000,MALE,JD,other-service,own-child,0,0,Multi-vehicle Collision,Rear Collision,Minor Damage,Police,20,3,NO,1,0,NO,0,5240,41920
21,217,500/1000,2000,875.15,0,FEMALE,Associate,machine-op-inspct,own-child,46700,0,Multi-vehicle Collision,Side Collision,Total Loss,Police,15,3,NO,1,2,NO,0,4730,33110
22,370,100/300,2000,972.18,0,MALE,High School,prof-specialty,other-relative,72700,-68200,Multi-vehicle Collision,Rear Collision,Major Damage,Ambulance,20,3,NO,0,0,YES,17880,5960,47680
23,413,100/300,2000,1268.79,0,MALE,MD,priv-house-serv,own-child,0,-31000,Single Vehicle Collision,Front Collision,Total Loss,Ambulance,15,1,NO,2,2,NO,8180,16360,73620
24,237,100/300,1000,883.31,0,MALE,College,craft-repair,husband,0,-53500,Single Vehicle Collision,Rear Collision,Minor Damage,Other,6,1,NO,1,3,NO,7080,14160,56640
25,8,100/300,2000,1266.92,0,MALE,Masters,sales,own-child,0,0,Multi-vehicle Collision,Rear Collision,Major Damage,Other,16,3,NO,1,3,YES,16500,11000,44000
26,257,100/300,2000,1322.1,0,MALE,High School,prof-specialty,own-child,0,-29200,Parked Car,Rear Collision,Minor Damage,Police,4,1,YES,1,3,YES,1640,820,6560
27,202,100/300,500,848.07,3000000,MALE,JD,exec-managerial,not-in-family,31000,-30200,Vehicle Theft,Rear Collision,Minor Damage,None,5,1,YES,2,1,NO,1040,520,4160
28,224,100/300,2000,1291.7,0,FEMALE,JD,sales,not-in-family,0,-55600,Single Vehicle Collision,Side Collision,Minor Damage,Other,21,1,NO,1,0,YES,7760,15520,46560
29,241,500/1000,2000,1104.5,0,FEMALE,PhD,machine-op-inspct,unmarried,0,0,Single Vehicle Collision,Rear Collision,Minor Damage,Police,5,1,NO,2,2,NO,14100,14100,63450
30,64,250/500,1000,954.16,0,MALE,Masters,prof-specialty,husband,53200,0,Multi-vehicle Collision,Side Collision,Major Damage,Ambulance,22,4,NO,0,0,NO,12600,12600,50400
31,166,100/300,2000,1337.28,8000000,MALE,JD,craft-repair,husband,27500,0,Multi-vehicle Collision,Side Collision,Major Damage,Police,10,3,NO,2,2,NO,7460,7460,52220
32,155,500/1000,1000,1088.34,0,FEMALE,Associate,adm-clerical,other-relative,81100,0,Multi-vehicle Collision,Front Collision,Total Loss,Police,16,3,YES,2,3,NO,3310,3310,23170
33,114,100/300,1000,1558.29,0,MALE,High School,farming-fishing,wife,51400,-64000,Multi-vehicle Collision,Front Collision,Major Damage,Ambulance,1,3,NO,1,2,NO,14020,14020,49070
34,149,500/1000,500,1415.68,0,MALE,PhD,prof-specialty,own-child,0,0,Single Vehicle Collision,Side Collision,Total Loss,Fire,17,1,YES,0,1,YES,10800,5400,48600
35,147,100/300,1000,1334.15,6000000,MALE,High School,craft-repair,not-in-family,53300,-49200,Single Vehicle Collision,Front Collision,Major Damage,Other,15,1,YES,2,0,YES,10620,5310,37170
36,62,100/300,1000,988.45,0,FEMALE,Masters,protective-serv,unmarried,0,0,Single Vehicle Collision,Rear Collision,Total Loss,Police,3,1,NO,1,1,YES,6020,6020,48160
37,289,500/1000,2000,1222.48,0,FEMALE,JD,priv-house-serv,unmarried,0,0,Parked Car,Rear Collision,Minor Damage,None,16,1,NO,1,1,YES,1230,820,3280
38,431,500/1000,2000,1155.55,0,FEMALE,MD,craft-repair,unmarried,65700,0,Multi-vehicle Collision,Rear Collision,Major Damage,Police,4,3,NO,2,0,NO,12460,6230,43610
39,199,250/500,500,1262.08,0,MALE,JD,tech-support,wife,48500,0,Single Vehicle Collision,Front Collision,Major Damage,Ambulance,4,1,NO,0,3,NO,10940,10940,38290
40,79,100/300,500,1451.62,0,MALE,Associate,tech-support,not-in-family,0,-55700,Single Vehicle Collision,Rear Collision,Minor Damage,Ambulance,19,1,NO,2,2,NO,8000,4000,28000
41,116,250/500,500,1737.66,0,MALE,Associate,transport-moving,unmarried,0,-24100,Single Vehicle Collision,Side Collision,Major Damage,Police,1,1,NO,1,1,NO,16180,16180,64720
42,37,500/1000,500,1475.93,0,FEMALE,College,prof-specialty,husband,0,-67400,Multi-vehicle Collision,Side Collision,Minor Damage,Other,17,3,YES,1,0,NO,5740,5740,40180
43,106,250/500,500,538.17,0,FEMALE,PhD,transport-moving,own-child,49700,-60200,Single Vehicle Collision,Rear Collision,Total Loss,Other,23,1,NO,2,2,NO,5680,5680,39760
44,269,100/300,2000,1081.08,0,MALE,JD,priv-house-serv,unmarried,36400,-28700,Single Vehicle Collision,Front Collision,Minor Damage,Other,14,1,YES,0,2,NO,11280,11280,33840
45,265,250/500,1000,1454.43,0,FEMALE,MD,protective-serv,husband,0,0,Multi-vehicle Collision,Rear Collision,Total Loss,Other,17,3,NO,2,3,NO,6890,0,48230
46,163,100/300,500,1240.47,0,FEMALE,Associate,other-service,husband,35300,0,Multi-vehicle Collision,Rear Collision,Total Loss,Fire,11,3,YES,1,1,NO,0,14020,63090
47,355,500/1000,2000,1273.7,4000000,MALE,College,other-service,husband,0,0,Multi-vehicle Collision,Front Collision,Major Damage,Fire,19,3,NO,2,1,NO,6280,6280,50240
48,175,500/1000,1000,1123.87,8000000,FEMALE,PhD,protective-serv,other-relative,0,0,Vehicle Theft,Rear Collision,Trivial Damage,Police,5,1,NO,2,0,YES,810,810,5670
49,192,100/300,1000,1245.89,0,FEMALE,Masters,exec-managerial,wife,0,-40300,Single Vehicle Collision,Rear Collision,Total Loss,Other,19,1,NO,0,0,NO,15320,7660,53620
50,430,250/500,2000,1326.62,7000000,MALE,MD,other-service,own-child,0,0,Multi-vehicle Collision,Front Collision,Minor Damage,Fire,19,3,NO,0,3,YES,16360,8180,57260
51,91,100/300,2000,1073.83,0,FEMALE,JD,farming-fishing,husband,0,0,Vehicle Theft,Rear Collision,Trivial Damage,None,4,1,NO,1,2,NO,1320,660,5280
52,217,100/300,1000,1530.52,0,MALE,College,armed-forces,not-in-family,0,0,Vehicle Theft,Rear Collision,Minor Damage,None,8,1,NO,2,1,YES,430,430,3440
53,223,100/300,500,1201.41,0,FEMALE,JD,priv-house-serv,husband,88400,-46500,Multi-vehicle Collision,Side Collision,Major Damage,Police,7,3,YES,1,0,NO,12820,12820,44870
54,195,250/500,1000,1393.57,0,MALE,PhD,machine-op-inspct,not-in-family,47600,-39600,Parked Car,Rear Collision,Minor Damage,Police,5,1,NO,0,1,YES,480,480,1680
55,22,100/300,1000,1276.57,0,MALE,PhD,craft-repair,not-in-family,71500,0,Single Vehicle Collision,Rear Collision,Minor Damage,Fire,3,1,YES,1,2,NO,15780,7890,55230
56,439,250/500,500,1082.49,0,FEMALE,PhD,prof-specialty,unmarried,36100,-55000,Multi-vehicle Collision,Front Collision,Major Damage,Fire,12,3,NO,2,3,NO,0,6270,50160
57,94,500/1000,1000,1414.74,0,FEMALE,Masters,adm-clerical,own-child,0,0,Parked Car,Rear Collision,Minor Damage,None,19,1,NO,1,3,NO,300,300,1800
58,11,250/500,2000,1470.06,0,MALE,PhD,other-service,husband,56600,-45800,Single Vehicle Collision,Front Collision,Total Loss,Ambulance,22,1,YES,0,1,NO,7310,7310,51170
59,151,250/500,2000,870.63,0,FEMALE,MD,adm-clerical,own-child,94800,-58500,Multi-vehicle Collision,Side Collision,Minor Damage,Police,12,3,NO,1,1,NO,11440,5720,45760
60,154,100/300,500,795.23,0,MALE,PhD,machine-op-inspct,other-relative,36900,0,Multi-vehicle Collision,Rear Collision,Major Damage,Police,15,3,YES,2,1,NO,15440,0,54040
61,245,500/1000,1000,1168.2,0,MALE,JD,handlers-cleaners,husband,69100,0,Multi-vehicle Collision,Side Collision,Total Loss,Other,23,3,NO,0,3,NO,7380,3690,33210
62,119,500/1000,1000,993.51,0,MALE,High School,armed-forces,unmarried,0,-49500,Single Vehicle Collision,Side Collision,Minor Damage,Other,12,1,NO,0,3,YES,5630,11260,39410
63,215,500/1000,500,1848.81,0,MALE,JD,transport-moving,own-child,0,-49000,Multi-vehicle Collision,Front Collision,Major Damage,Fire,20,3,YES,2,2,YES,11420,5710,51390
64,295,250/500,2000,1641.73,5000000,MALE,PhD,sales,not-in-family,62400,0,Multi-vehicle Collision,Rear Collision,Total Loss,Fire,16,3,NO,0,0,NO,6570,6570,45990
65,254,100/300,500,1362.87,0,FEMALE,MD,exec-managerial,other-relative,35700,0,Multi-vehicle Collision,Front Collision,Minor Damage,Ambulance,6,3,YES,2,2,NO,13720,6860,61740
66,107,250/500,500,1239.22,7000000,FEMALE,High School,tech-support,not-in-family,43400,-91200,Single Vehicle Collision,Side Collision,Minor Damage,Fire,12,1,YES,0,1,NO,13800,13800,62100
67,478,250/500,500,835.02,0,FEMALE,Associate,adm-clerical,unmarried,59600,0,Multi-vehicle Collision,Side Collision,Minor Damage,Fire,17,3,NO,1,1,NO,0,3770,30160
68,128,100/300,1000,1061.33,0,MALE,MD,machine-op-inspct,own-child,43300,-66200,Single Vehicle Collision,Front Collision,Major Damage,Ambulance,8,1,NO,0,3,NO,12460,6230,49840
69,338,500/1000,1000,1279.08,0,MALE,MD,other-service,own-child,0,-51500,Parked Car,Rear Collision,Minor Damage,None,13,1,NO,0,1,NO,860,860,2580
70,271,100/300,500,1105.49,0,FEMALE,Associate,prof-specialty,own-child,56200,-50000,Multi-vehicle Collision,Side Collision,Major Damage,Other,12,2,NO,2,3,NO,12420,6210,49680
71,222,100/300,2000,1055.53,0,FEMALE,MD,armed-forces,not-in-family,37800,-50300,Single Vehicle Collision,Front Collision,Total Loss,Other,7,1,NO,0,2,NO,6810,6810,47670
72,199,250/500,1000,895.83,0,FEMALE,Associate,sales,husband,0,0,Single Vehicle Collision,Rear Collision,Minor Damage,Ambulance,10,1,NO,1,2,NO,3010,0,27090
73,215,100/300,500,1632.93,0,FEMALE,College,transport-moving,not-in-family,0,-42900,Multi-vehicle Collision,Rear Collision,Minor Damage,Fire,7,3,NO,2,0,YES,9520,4760,42840
74,192,100/300,1000,1405.99,0,FEMALE,Associate,sales,wife,0,0,Multi-vehicle Collision,Side Collision,Minor Damage,Ambulance,18,3,YES,1,0,YES,9540,4770,28620
75,120,100/300,1000,1425.54,0,FEMALE,High School,transport-moving,other-relative,78300,0,Multi-vehicle Collision,Front Collision,Total Loss,Ambulance,22,3,NO,2,0,NO,11380,5690,34140
76,270,500/1000,1000,1038.09,0,FEMALE,College,handlers-cleaners,husband,0,-19700,Multi-vehicle Collision,Front Collision,Minor Damage,Fire,18,3,NO,1,1,YES,14900,7450,67050
77,319,250/500,500,1307.11,0,MALE,College,transport-moving,not-in-family,0,0,Multi-vehicle Collision,Front Collision,Total Loss,Police,22,3,NO,0,2,NO,10860,10860,38010
78,194,500/1000,1000,1489.24,6000000,FEMALE,JD,other-service,wife,0,-45000,Vehicle Theft,Rear Collision,Minor Damage,None,15,1,YES,2,2,YES,1240,1240,5580
79,227,500/1000,500,976.67,0,FEMALE,PhD,handlers-cleaners,unmarried,0,0,Single Vehicle Collision,Rear Collision,Major Damage,Fire,16,1,NO,1,2,NO,14440,7220,50540
80,137,250/500,2000,1340.43,0,MALE,High School,exec-managerial,husband,52700,-40600,Multi-vehicle Collision,Side Collision,Minor Damage,Ambulance,6,3,NO,1,2,NO,10160,10160,30480
81,244,500/1000,2000,1267.81,5000000,FEMALE,Masters,exec-managerial,wife,0,0,Vehicle Theft,Rear Collision,Trivial Damage,None,10,1,NO,2,1,NO,660,1320,4620
82,78,250/500,1000,1234.2,6000000,MALE,Masters,other-service,other-relative,0,0,Vehicle Theft,Rear Collision,Minor Damage,Police,3,1,YES,2,2,NO,750,1500,5250
83,200,250/500,2000,1318.06,0,MALE,High School,exec-managerial,wife,57300,-80600,Vehicle Theft,Rear Collision,Trivial Damage,None,13,1,NO,0,3,YES,1180,1180,4130
84,284,500/1000,2000,769.95,0,MALE,Masters,prof-specialty,not-in-family,0,-44200,Multi-vehicle Collision,Side Collision,Major Damage,Ambulance,16,2,NO,2,3,NO,5540,11080,44320
85,275,100/300,2000,1514.72,0,MALE,High School,transport-moving,own-child,35700,0,Multi-vehicle Collision,Front Collision,Major Damage,Fire,13,3,YES,0,1,NO,5830,11660,40810
86,153,500/1000,1000,873.64,4000000,FEMALE,Associate,priv-house-serv,husband,800,0,Multi-vehicle Collision,Front Collision,Minor Damage,Other,9,3,NO,2,1,NO,11400,11400,45600
87,134,500/1000,500,1612.43,0,FEMALE,MD,other-service,own-child,36400,0,Single Vehicle Collision,Side Collision,Total Loss,Fire,2,1,NO,2,1,YES,11680,11680,40880
88,31,500/1000,2000,1318.24,9000000,FEMALE,College,prof-specialty,not-in-family,0,-78600,Parked Car,Rear Collision,Trivial Damage,None,9,1,NO,0,1,YES,940,470,3290
89,41,100/300,1000,1226.83,0,FEMALE,College,exec-managerial,not-in-family,0,-56100,Multi-vehicle Collision,Side Collision,Major Damage,Other,12,3,YES,2,0,NO,0,5640,39480
90,127,250/500,2000,1326.44,5000000,FEMALE,High School,sales,own-child,0,0,Multi-vehicle Collision,Front Collision,Total Loss,Fire,12,2,YES,1,1,NO,10300,10300,46350
91,61,250/500,2000,1136.83,4000000,FEMALE,Associate,tech-support,own-child,0,-62400,Single Vehicle Collision,Side Collision,Major Damage,Police,14,1,NO,0,3,NO,8940,17880,71520
92,207,250/500,2000,1322.78,0,MALE,PhD,farming-fishing,own-child,55200,0,Parked Car,Rear Collision,Trivial Damage,None,9,1,NO,0,1,NO,590,590,4720
93,219,100/300,1000,1483.25,0,FEMALE,MD,exec-managerial,not-in-family,90700,-20800,Multi-vehicle Collision,Front Collision,Major Damage,Ambulance,3,3,NO,1,1,NO,5890,11780,53010
94,271,100/300,500,1515.3,0,FEMALE,High School,machine-op-inspct,not-in-family,0,0,Multi-vehicle Collision,Rear Collision,Total Loss,Ambulance,21,3,NO,1,0,NO,17040,8520,68160
95,80,100/300,2000,1075.18,5000000,FEMALE,PhD,armed-forces,husband,67700,-58400,Vehicle Theft,Rear Collision,Minor Damage,None,5,1,NO,2,0,YES,1260,630,5040
96,325,500/1000,1000,1690.27,0,FEMALE,Associate,protective-serv,not-in-family,61500,0,Single Vehicle Collision,Side Collision,Major Damage,Fire,11,1,YES,0,3,NO,6630,6630,59670
97,29,250/500,2000,1352.83,0,MALE,Masters,farming-fishing,own-child,0,-71700,Multi-vehicle Collision,Rear Collision,Minor Damage,Other,4,4,YES,1,2,YES,7210,7210,50470
98,295,250/500,1000,1148.73,0,FEMALE,College,machine-op-inspct,wife,0,0,Parked Car,Rear Collision,Trivial Damage,None,6,1,NO,1,2,YES,900,900,3600
99,239,100/300,1000,969.5,0,MALE,College,exec-managerial,not-in-family,0,0,Vehicle Theft,Rear Collision,Trivial Damage,None,10,1,NO,0,0,NO,700,700,4200
100,269,100/300,500,1463.82,0,FEMALE,College,protective-serv,not-in-family,0,-72300,Single Vehicle Collision,Rear Collision,Minor Damage,Police,23,1,YES,0,0,NO,15860,15860,47580
101,80,100/300,1000,1474.17,0,FEMALE,College,tech-support,unmarried,0,0,Single Vehicle Collision,Side Collision,Major Damage,Police,13,1,YES,1,0,YES,10560,5280,36960
102,279,250/500,500,1497.35,0,FEMALE,JD,prof-specialty,husband,37300,-31700,Multi-vehicle Collision,Front Collision,Minor Damage,Fire,16,3,NO,2,3,NO,0,3600,25200
103,165,100/300,1000,1427.14,0,FEMALE,Associate,tech-support,other-relative,35300,-58100,Parked Car,Rear Collision,Minor Damage,Police,3,1,NO,1,1,NO,330,330,2310
104,350,500/1000,500,1495.1,0,MALE,College,other-service,wife,50500,0,Multi-vehicle Collision,Side Collision,Total Loss,Police,15,3,NO,0,0,NO,15580,7790,70110
105,295,100/300,500,1141.62,0,MALE,College,prof-specialty,husband,34300,-24300,Vehicle Theft,Rear Collision,Minor Damage,None,4,1,YES,1,3,YES,480,480,3360
106,464,500/1000,1000,1125.37,0,FEMALE,Associate,prof-specialty,husband,0,-56400,Multi-vehicle Collision,Rear Collision,Major Damage,Police,6,3,NO,0,2,YES,6650,19950,53200
107,118,500/1000,2000,1207.36,0,FEMALE,High School,handlers-cleaners,own-child,0,-57000,Multi-vehicle Collision,Front Collision,Major Damage,Ambulance,22,2,NO,1,0,NO,7420,14840,51940
108,298,500/1000,2000,1338.5,0,FEMALE,PhD,machine-op-inspct,other-relative,28800,0,Single Vehicle Collision,Front Collision,Major Damage,Fire,1,1,NO,0,0,NO,10860,10860,48870
109,87,500/1000,1000,1074.07,0,FEMALE,Masters,sales,husband,0,-47500,Multi-vehicle Collision,Rear Collision,Major Damage,Fire,16,3,NO,0,3,YES,5540,11080,44320
110,261,250/500,500,1337.56,0,FEMALE,College,prof-specialty,unmarried,0,0,Single Vehicle Collision,Rear Collision,Minor Damage,Police,18,1,NO,1,2,YES,7470,14940,52290
111,453,100/300,500,1298.91,6000000,MALE,PhD,craft-repair,unmarried,52600,-38800,Single Vehicle Collision,Front Collision,Major Damage,Fire,0,1,YES,0,0,NO,14000,7000,49000
112,210,500/1000,500,1222.75,0,MALE,High School,exec-managerial,other-relative,0,-41000,Multi-vehicle Collision,Rear Collision,Total Loss,Other,12,3,NO,2,0,NO,14740,14740,51590
113,168,100/300,1000,1059.52,0,MALE,MD,protective-serv,own-child,0,-40600,Multi-vehicle Collision,Side Collision,Major Damage,Other,13,2,NO,1,1,NO,14430,9620,33670
114,390,250/500,2000,1124.38,0,MALE,Associate,armed-forces,other-relative,0,0,Vehicle Theft,Rear Collision,Minor Damage,None,9,1,YES,1,1,YES,1180,1180,4720
115,258,100/300,1000,1110.37,10000000,MALE,MD,machine-op-inspct,other-relative,34400,-56800,Multi-vehicle Collision,Side Collision,Total Loss,Other,14,3,NO,0,1,NO,4770,9540,33390
116,107,500/1000,2000,1374.22,0,FEMALE,PhD,machine-op-inspct,other-relative,62000,-63100,Single Vehicle Collision,Rear Collision,Minor Damage,Police,16,1,NO,0,3,NO,9320,9320,32620
117,225,500/1000,2000,1103.58,0,MALE,High School,exec-managerial,unmarried,41200,-36200,Multi-vehicle Collision,Side Collision,Major Damage,Police,20,3,NO,2,2,NO,6400,12800,51200
118,164,250/500,2000,1269.76,0,FEMALE,PhD,transport-moving,not-in-family,44300,0,Single Vehicle Collision,Rear Collision,Minor Damage,Fire,4,1,NO,1,3,YES,18000,9000,63000
119,245,250/500,500,964.79,8000000,FEMALE,Associate,adm-clerical,husband,58000,0,Multi-vehicle Collision,Rear Collision,Minor Damage,Police,7,3,NO,0,1,NO,13240,6620,52960
120,255,500/1000,2000,1167.3,4000000,MALE,High School,priv-house-serv,other-relative,0,0,Single Vehicle Collision,Side Collision,Minor Damage,Fire,22,1,NO,2,0,NO,13860,13860,41580
121,206,500/1000,500,1625.45,4000000,FEMALE,MD,other-service,other-relative,0,-53700,Single Vehicle Collision,Front Collision,Major Damage,Ambulance,11,1,NO,2,1,NO,12760,12760,51040
122,203,250/500,500,1394.43,0,FEMALE,Masters,other-service,not-in-family,0,0,Single Vehicle Collision,Front Collision,Major Damage,Ambulance,7,1,NO,0,1,YES,0,6160,49280
123,22,250/500,2000,1053.24,0,FEMALE,College,prof-specialty,other-relative,51100,0,Multi-vehicle Collision,Front Collision,Total Loss,Other,0,4,YES,1,0,NO,8570,17140,51420
124,211,100/300,500,1040.75,0,FEMALE,JD,prof-specialty,not-in-family,0,0,Single Vehicle Collision,Rear Collision,Total Loss,Ambulance,1,1,YES,1,1,NO,7000,7000,28000
125,206,250/500,1000,1302.4,6000000,MALE,JD,craft-repair,unmarried,47200,-69700,Multi-vehicle Collision,Rear Collision,Total Loss,Ambulance,12,3,NO,2,3,YES,3300,9900,23100
126,166,100/300,2000,1588.55,0,MALE,MD,protective-serv,unmarried,59600,-32100,Single Vehicle Collision,Side Collision,Total Loss,Other,8,1,NO,0,0,NO,5760,5760,28800
127,165,500/1000,500,1399.26,0,FEMALE,High School,tech-support,own-child,70500,0,Parked Car,Rear Collision,Minor Damage,Police,9,1,NO,2,0,NO,330,660,2970
128,274,100/300,2000,1352.31,0,MALE,College,farming-fishing,wife,40700,-47300,Single Vehicle Collision,Front Collision,Major Damage,Fire,22,1,YES,0,3,YES,10640,10640,42560
129,81,250/500,1000,1139.0,6000000,FEMALE,Masters,sales,husband,42400,0,Multi-vehicle Collision,Front Collision,Major Damage,Fire,0,3,NO,1,2,NO,4970,4970,34790
130,280,250/500,1000,1397.67,0,MALE,JD,machine-op-inspct,wife,57900,0,Multi-vehicle Collision,Front Collision,Minor Damage,Other,0,3,YES,1,2,NO,14120,14120,56480
131,194,250/500,500,823.17,0,MALE,Masters,adm-clerical,own-child,0,0,Multi-vehicle Collision,Front Collision,Major Damage,Other,3,3,NO,2,2,NO,6150,12300,43050
132,112,100/300,500,965.13,0,FEMALE,Masters,tech-support,unmarried,60000,-54800,Multi-vehicle Collision,Front Collision,Major Damage,Ambulance,21,3,NO,0,1,NO,8500,8500,34000
133,24,500/1000,1000,1922.84,0,FEMALE,High School,machine-op-inspct,wife,0,-45200,Single Vehicle Collision,Side Collision,Total Loss,Police,0,1,NO,2,1,NO,4680,9360,32760
134,93,250/500,2000,1624.82,0,MALE,PhD,exec-managerial,unmarried,65300,-65600,Single Vehicle Collision,Side Collision,Minor Damage,Ambulance,16,1,NO,1,1,NO,17360,8680,52080
135,171,250/500,2000,1277.25,0,FEMALE,College,exec-managerial,other-relative,84900,0,Single Vehicle Collision,Rear Collision,Major Damage,Police,14,1,NO,1,2,NO,13840,6920,48440
136,200,100/300,1000,1439.34,0,FEMALE,High School,sales,other-relative,45300,-20400,Vehicle Theft,Rear Collision,Minor Damage,Police,9,1,NO,0,0,NO,410,410,2870
137,120,250/500,1000,1281.27,0,FEMALE,PhD,tech-support,not-in-family,68900,0,Multi-vehicle Collision,Rear Collision,Minor Damage,Fire,9,3,NO,0,3,NO,6550,6550,52400
138,325,500/1000,500,1348.83,0,FEMALE,High School,prof-specialty,wife,46300,-77500,Multi-vehicle Collision,Rear Collision,Minor Damage,Fire,21,3,NO,1,2,YES,13840,6920,55360
139,124,250/500,1000,1198.15,0,FEMALE,MD,other-service,not-in-family,0,-43200,Multi-vehicle Collision,Front Collision,Total Loss,Other,19,3,NO,0,2,YES,12260,12260,49040
140,211,100/300,2000,1221.22,0,MALE,Masters,machine-op-inspct,other-relative,76000,0,Single Vehicle Collision,Rear Collision,Total Loss,Police,2,1,YES,0,1,NO,9460,4730,37840
141,287,500/1000,2000,968.74,0,MALE,Masters,transport-moving,wife,0,-49000,Vehicle Theft,Rear Collision,Trivial Damage,None,9,1,NO,2,3,NO,470,940,3760
142,122,250/500,1000,1220.71,0,MALE,PhD,machine-op-inspct,own-child,58600,-28700,Parked Car,Rear Collision,Minor Damage,None,5,1,NO,2,1,YES,1890,1260,5040
143,22,250/500,2000,1238.62,6000000,MALE,MD,exec-managerial,other-relative,0,-56200,Single Vehicle Collision,Rear Collision,Major Damage,Ambulance,14,1,NO,2,3,NO,7080,14160,49560
144,106,500/1000,2000,1320.75,0,FEMALE,JD,farming-fishing,wife,54100,0,Multi-vehicle Collision,Rear Collision,Total Loss,Police,20,3,NO,0,3,YES,5070,5070,35490
145,398,100/300,500,990.98,0,FEMALE,Associate,exec-managerial,wife,0,-57900,Single Vehicle Collision,Front Collision,Major Damage,Police,18,1,YES,2,1,NO,7640,15280,76400
146,214,500/1000,500,1398.51,4000000,MALE,Masters,tech-support,not-in-family,0,-57100,Multi-vehicle Collision,Side Collision,Major Damage,Fire,13,3,NO,2,0,NO,12800,6400,44800
147,209,100/300,500,1355.08,0,FEMALE,MD,other-service,other-relative,58100,0,Single Vehicle Collision,Front Collision,Minor Damage,Fire,21,1,NO,1,1,NO,4730,4730,37840
148,82,100/300,1000,1384.51,0,MALE,PhD,adm-clerical,not-in-family,13100,-38200,Single Vehicle Collision,Rear Collision,Major Damage,Other,14,1,NO,2,3,NO,8960,8960,53760
149,193,250/500,500,847.03,0,FEMALE,JD,craft-repair,not-in-family,0,0,Single Vehicle Collision,Side Collision,Major Damage,Other,1,1,NO,1,0,YES,17280,17280,77760
150,134,100/300,1000,1000.06,0,FEMALE,PhD,farming-fishing,wife,0,0,Single Vehicle Collision,Side Collision,Total Loss,Other,17,1,NO,1,0,NO,7520,15040,60160
151,288,100/300,1000,1046.71,0,MALE,Masters,priv-house-serv,husband,0,0,Multi-vehicle Collision,Rear Collision,Major Damage,Fire,4,3,NO,2,1,NO,10680,5340,32040
152,104,250/500,500,1158.03,0,MALE,High School,exec-managerial,own-child,31900,-44600,Multi-vehicle Collision,Rear Collision,Total Loss,Police,23,3,YES,1,3,YES,9780,9780,44010
153,431,100/300,1000,1372.27,0,FEMALE,Masters,craft-repair,own-child,17600,0,Multi-vehicle Collision,Rear Collision,Total Loss,Fire,13,3,NO,2,3,NO,10540,10540,42160
154,101,100/300,1000,1053.04,7000000,FEMALE,Masters,other-service,own-child,52000,-44500,Multi-vehicle Collision,Rear Collision,Minor Damage,Ambulance,20,3,NO,1,3,NO,9040,9040,36160
155,375,100/300,1000,1275.39,0,MALE,Associate,sales,other-relative,0,0,Single Vehicle Collision,Front Collision,Major Damage,Police,16,1,YES,2,3,NO,0,0,37280
156,461,100/300,2000,1402.75,0,MALE,JD,exec-managerial,husband,0,0,Multi-vehicle Collision,Rear Collision,Minor Damage,Police,10,3,NO,2,1,YES,7210,14420,50470
157,428,250/500,500,1344.36,7000000,FEMALE,JD,prof-specialty,other-relative,0,0,Parked Car,Rear Collision,Minor Damage,None,8,1,NO,2,3,NO,1300,650,4550
158,45,100/300,1000,1197.71,0,MALE,Masters,machine-op-inspct,not-in-family,29000,0,Multi-vehicle Collision,Front Collision,Total Loss,Ambulance,17,3,NO,2,0,NO,13040,13040,52160
159,136,100/300,500,1203.24,0,FEMALE,JD,transport-moving,other-relative,62500,-66900,Vehicle Theft,Rear Collision,Minor Damage,Police,9,1,NO,2,0,NO,1240,620,4340
160,216,500/1000,1000,1152.4,0,FEMALE,Associate,priv-house-serv,unmarried,39600,-82400,Parked Car,Rear Collision,Minor Damage,Police,0,1,YES,2,3,NO,560,1680,3920
161,278,500/1000,2000,1142.62,7000000,FEMALE,MD,farming-fishing,not-in-family,0,-54000,Single Vehicle Collision,Front Collision,Total Loss,Ambulance,12,1,NO,2,0,NO,11700,11700,52650
162,295,500/1000,1000,1332.07,0,FEMALE,MD,exec-managerial,unmarried,49700,-59100,Multi-vehicle Collision,Side Collision,Total Loss,Ambulance,20,2,NO,2,1,YES,13240,13240,59580
163,112,500/1000,1000,1166.54,0,FEMALE,Masters,prof-specialty,not-in-family,47700,-59300,Single Vehicle Collision,Front Collision,Major Damage,Fire,3,1,YES,2,0,NO,10790,21580,75530
164,122,250/500,500,1495.06,0,FEMALE,Masters,prof-specialty,unmarried,38100,-31400,Multi-vehicle Collision,Rear Collision,Total Loss,Fire,18,3,NO,2,0,YES,18180,18180,63630
165,108,500/1000,1000,1337.92,0,FEMALE,PhD,armed-forces,not-in-family,71400,0,Multi-vehicle Collision,Side Collision,Minor Damage,Ambulance,4,3,NO,2,2,YES,11160,5580,44640
166,14,250/500,2000,1587.96,0,FEMALE,Associate,craft-repair,unmarried,0,-26900,Single Vehicle Collision,Rear Collision,Major Damage,Fire,18,1,NO,2,1,YES,12960,12960,45360
167,298,500/1000,1000,1362.29,0,MALE,High School,farming-fishing,unmarried,0,-51100,Multi-vehicle Collision,Front Collision,Minor Damage,Ambulance,18,3,NO,0,0,NO,12800,6400,44800
168,276,250/500,500,1448.84,0,FEMALE,Masters,machine-op-inspct,husband,0,-50000,Parked Car,Rear Collision,Trivial Damage,Police,7,1,NO,0,1,NO,660,660,4620
169,47,250/500,2000,1241.97,0,MALE,High School,other-service,not-in-family,75400,0,Parked Car,Rear Collision,Minor Damage,None,18,1,NO,1,0,NO,670,670,5360
170,222,250/500,500,1124.6,0,MALE,Associate,armed-forces,not-in-family,0,0,Multi-vehicle Collision,Rear Collision,Minor Damage,Police,23,3,YES,0,0,NO,11940,7960,31840
171,119,250/500,2000,1079.92,0,MALE,High School,machine-op-inspct,husband,88800,0,Single Vehicle Collision,Rear Collision,Total Loss,Ambulance,1,1,NO,0,1,YES,6700,6700,40200
172,73,250/500,1000,1447.78,0,MALE,College,protective-serv,wife,35100,-59900,Multi-vehicle Collision,Rear Collision,Total Loss,Other,15,3,YES,1,0,NO,4990,4990,34930
173,8,250/500,500,1229.16,4000000,FEMALE,MD,transport-moving,wife,0,-88300,Multi-vehicle Collision,Front Collision,Major Damage,Fire,2,3,NO,0,2,YES,11100,7400,29600
174,294,100/300,1000,1226.49,0,FEMALE,PhD,farming-fishing,unmarried,53900,0,Vehicle Theft,Rear Collision,Trivial Damage,None,3,1,NO,0,1,NO,610,1220,4270
175,324,100/300,2000,897.89,6000000,MALE,MD,tech-support,wife,0,-41300,Single Vehicle Collision,Rear Collision,Minor Damage,Other,13,1,NO,1,0,YES,15920,15920,47760
176,155,100/300,500,1706.79,0,MALE,Masters,protective-serv,other-relative,0,0,Single Vehicle Collision,Front Collision,Minor Damage,Ambulance,1,1,NO,1,1,YES,8560,8560,59920
177,261,250/500,1000,1254.18,0,FEMALE,PhD,prof-specialty,other-relative,0,-45100,Single Vehicle Collision,Rear Collision,Minor Damage,Fire,16,1,YES,0,1,NO,11380,11380,39830
178,245,500/1000,500,885.08,0,FEMALE,Masters,armed-forces,other-relative,27000,-58900,Single Vehicle Collision,Front Collision,Total Loss,Other,0,1,YES,0,1,NO,13100,13100,58950
179,235,100/300,500,1046.58,4000000,MALE,MD,tech-support,wife,0,-31700,Vehicle Theft,Rear Collision,Trivial Damage,None,1,1,NO,2,1,NO,450,900,3600
180,53,500/1000,2000,1712.68,0,MALE,Associate,handlers-cleaners,not-in-family,72200,0,Multi-vehicle Collision,Side Collision,Major Damage,Fire,17,3,NO,2,0,YES,10220,5110,35770
181,426,500/1000,2000,1097.71,0,FEMALE,Masters,adm-clerical,not-in-family,29600,-22300,Single Vehicle Collision,Side Collision,Minor Damage,Police,13,1,YES,2,3,NO,16800,16800,67200
182,111,250/500,500,1363.77,4000000,FEMALE,Masters,tech-support,husband,51100,0,Single Vehicle Collision,Side Collision,Total Loss,Police,12,1,YES,2,3,NO,16540,16540,57890
183,86,100/300,500,1382.88,7000000,MALE,JD,tech-support,other-relative,0,-30300,Single Vehicle Collision,Rear Collision,Minor Damage,Police,11,1,NO,1,1,YES,14880,7440,59520
184,296,100/300,1000,1141.35,7000000,MALE,Masters,craft-repair,not-in-family,0,0,Single Vehicle Collision,Front Collision,Major Damage,Ambulance,18,1,NO,0,2,NO,5490,5490,43920
185,125,500/1000,500,1054.83,7000000,MALE,JD,tech-support,husband,0,-51300,Single Vehicle Collision,Front Collision,Total Loss,Fire,17,1,YES,2,3,NO,8060,16120,64480
186,177,100/300,2000,1057.77,0,FEMALE,JD,tech-support,unmarried,0,-57700,Multi-vehicle Collision,Front Collision,Total Loss,Ambulance,22,3,NO,1,1,NO,2250,2250,13500
187,238,250/500,2000,1488.02,0,FEMALE,JD,protective-serv,other-relative,0,-39200,Vehicle Theft,Rear Collision,Minor Damage,Police,9,1,YES,1,3,YES,1100,550,3850
188,81,100/300,500,920.3,5000000,FEMALE,High School,tech-support,own-child,51000,-67900,Multi-vehicle Collision,Rear Collision,Major Damage,Other,11,3,NO,1,0,NO,13440,6720,53760
189,128,500/1000,1000,986.53,0,FEMALE,High School,adm-clerical,other-relative,62700,0,Single Vehicle Collision,Rear Collision,Total Loss,Ambulance,11,1,NO,0,2,YES,18520,18520,64820
190,449,250/500,2000,1440.68,0,MALE,Associate,tech-support,own-child,25000,0,Parked Car,Rear Collision,Minor Damage,None,8,1,YES,0,1,YES,980,980,3430
191,252,250/500,1000,1086.21,0,MALE,JD,farming-fishing,unmarried,68500,-57500,Single Vehicle Collision,Side Collision,Minor Damage,Police,18,1,NO,1,2,NO,5610,5610,39270
192,359,100/300,2000,1367.68,0,FEMALE,MD,handlers-cleaners,unmarried,0,0,Single Vehicle Collision,Front Collision,Total Loss,Police,13,1,NO,0,3,NO,5550,11100,38850
193,19,500/1000,1000,1215.85,0,MALE,High School,other-service,husband,42900,-90200,Vehicle Theft,Rear Collision,Minor Damage,Police,8,1,YES,1,1,YES,1280,640,5120
194,73,250/500,2000,1191.19,4000000,MALE,MD,farming-fishing,not-in-family,29300,0,Multi-vehicle Collision,Rear Collision,Total Loss,Other,9,3,NO,0,1,YES,5020,0,35140
195,285,500/1000,1000,1594.45,0,MALE,High School,handlers-cleaners,husband,0,0,Multi-vehicle Collision,Side Collision,Total Loss,Fire,17,2,YES,2,3,NO,6960,6960,41760
196,196,250/500,2000,1463.07,0,MALE,MD,armed-forces,own-child,0,0,Vehicle Theft,Rear Collision,Trivial Damage,Police,3,1,NO,1,1,NO,530,530,4240
197,223,250/500,500,1734.09,0,FEMALE,MD,adm-clerical,not-in-family,0,0,Parked Car,Rear Collision,Trivial Damage,None,6,1,YES,0,3,NO,650,650,3900
198,328,250/500,500,1411.43,0,MALE,Masters,armed-forces,own-child,45100,-32800,Single Vehicle Collision,Front Collision,Major Damage,Ambulance,17,1,YES,2,1,NO,5940,11880,41580
199,285,100/300,2000,1512.58,0,FEMALE,College,sales,other-relative,47600,0,Vehicle Theft,Rear Collision,Minor Damage,Police,7,1,NO,1,1,NO,280,280,1960
200,30,250/500,2000,1153.35,0,MALE,PhD,craft-repair,not-in-family,0,0,Vehicle Theft,Rear Collision,Trivial Damage,Police,9,1,NO,2,1,YES,960,960,3840
201,342,250/500,500,1722.95,0,MALE,PhD,transport-moving,not-in-family,63100,-13800,Single Vehicle Collision,Rear Collision,Minor Damage,Fire,3,1,NO,2,0,YES,7670,7670,61360
202,219,250/500,2000,1281.07,7000000,FEMALE,High School,protective-serv,unmarried,0,0,Parked Car,Rear Collision,Trivial Damage,Police,6,1,NO,0,2,NO,740,740,4440
203,468,100/300,500,1011.92,0,MALE,PhD,machine-op-inspct,wife,0,0,Multi-vehicle Collision,Rear Collision,Major Damage,Fire,7,3,YES,0,3,NO,7150,7150,50050
204,241,250/500,2000,1042.26,0,MALE,JD,sales,husband,0,0,Multi-vehicle Collision,Rear Collision,Total Loss,Ambulance,21,3,NO,1,2,NO,4240,2120,12720
205,223,500/1000,500,1235.1,0,FEMALE,Masters,tech-support,not-in-family,66400,-34400,Single Vehicle Collision,Rear Collision,Minor Damage,Police,14,1,NO,2,1,NO,5440,5440,43520
206,128,100/300,2000,768.91,0,FEMALE,College,sales,other-relative,0,-39300,Single Vehicle Collision,Rear Collision,Total Loss,Fire,0,1,NO,1,0,NO,5980,5980,47840
207,124,500/1000,500,1301.72,0,MALE,Masters,handlers-cleaners,husband,0,0,Multi-vehicle Collision,Side Collision,Major Damage,Police,14,3,NO,0,3,YES,7200,7200,57600
208,343,250/500,500,1451.54,3000000,MALE,JD,adm-clerical,husband,0,0,Multi-vehicle Collision,Side Collision,Total Loss,Police,13,4,NO,2,3,NO,7230,14460,43380
209,404,250/500,500,767.14,0,MALE,Associate,sales,not-in-family,25500,-36700,Parked Car,Rear Collision,Trivial Damage,Police,8,1,NO,0,1,NO,1760,880,6160
210,63,250/500,2000,1620.89,0,FEMALE,High School,handlers-cleaners,other-relative,0,0,Vehicle Theft,Rear Collision,Minor Damage,Police,7,1,NO,2,0,NO,1020,1020,4080
211,210,500/1000,2000,1048.46,0,MALE,High School,priv-house-serv,not-in-family,59900,0,Vehicle Theft,Rear Collision,Trivial Damage,None,9,1,NO,1,2,NO,1180,590,5310
212,335,100/300,1000,1538.26,6000000,MALE,High School,sales,other-relative,62200,-31400,Multi-vehicle Collision,Side Collision,Minor Damage,Ambulance,12,3,YES,2,3,YES,8580,4290,21450
213,11,500/1000,2000,1217.69,0,FEMALE,MD,prof-specialty,wife,24000,0,Multi-vehicle Collision,Side Collision,Major Damage,Other,6,3,NO,1,0,NO,9720,9720,34020
214,142,100/300,2000,1362.64,5000000,FEMALE,JD,exec-managerial,wife,0,0,Single Vehicle Collision,Side Collision,Total Loss,Other,11,1,YES,1,3,NO,6780,13560,61020
215,272,100/300,1000,1279.13,0,MALE,PhD,craft-repair,other-relative,0,0,Multi-vehicle Collision,Side Collision,Minor Damage,Ambulance,5,3,NO,1,2,YES,7370,14740,58960
216,69,100/300,2000,924.72,0,FEMALE,High School,machine-op-inspct,unmarried,0,0,Single Vehicle Collision,Front Collision,Minor Damage,Fire,14,1,NO,2,2,NO,5260,10520,47340
217,38,250/500,1000,1019.44,0,MALE,Masters,transport-moving,not-in-family,0,-39700,Vehicle Theft,Rear Collision,Trivial Damage,None,17,1,NO,2,1,NO,1440,720,5040
218,328,500/1000,500,1314.6,0,FEMALE,MD,prof-specialty,not-in-family,24800,0,Single Vehicle Collision,Rear Collision,Total Loss,Other,0,1,NO,2,3,NO,12780,6390,51120
219,281,100/300,1000,1515.18,6000000,MALE,College,priv-house-serv,other-relative,0,0,Multi-vehicle Collision,Side Collision,Minor Damage,Fire,21,3,NO,1,0,NO,9260,9260,41670
220,246,250/500,2000,1649.18,0,MALE,College,farming-fishing,other-relative,0,-58600,Single Vehicle Collision,Front Collision,Major Damage,Other,18,1,YES,1,2,YES,11160,5580,44640
221,298,250/500,500,1451.01,0,FEMALE,College,other-service,own-child,47800,0,Single Vehicle Collision,Front Collision,Minor Damage,Ambulance,17,1,NO,2,2,NO,2810,5620,19670
222,330,500/1000,1000,978.46,0,FEMALE,High School,sales,husband,0,0,Single Vehicle Collision,Side Collision,Total Loss,Fire,19,1,YES,0,0,NO,8920,8920,31220
223,362,250/500,500,1198.34,4000000,MALE,Associate,sales,wife,53000,-72500,Multi-vehicle Collision,Side Collision,Total Loss,Fire,17,3,NO,1,1,NO,6340,6340,44380
224,241,100/300,2000,1003.23,0,FEMALE,Associate,tech-support,not-in-family,0,0,Multi-vehicle Collision,Side Collision,Major Damage,Fire,23,3,NO,0,3,YES,12980,12980,51920
225,245,500/1000,2000,1212.0,0,MALE,Masters,exec-managerial,unmarried,24400,-60500,Single Vehicle Collision,Front Collision,Total Loss,Ambulance,4,1,YES,0,1,YES,7350,14700,51450
226,371,250/500,1000,1242.96,7000000,FEMALE,High School,other-service,own-child,0,-37100,Multi-vehicle Collision,Rear Collision,Minor Damage,Other,2,2,YES,2,0,NO,6840,13680,68400
227,343,500/1000,1000,1053.02,0,FEMALE,Associate,prof-specialty,not-in-family,0,0,Single Vehicle Collision,Front Collision,Major Damage,Other,2,1,NO,0,2,NO,12990,4330,30310
228,377,100/300,500,1693.63,0,FEMALE,MD,craft-repair,unmarried,0,-64000,Multi-vehicle Collision,Front Collision,Total Loss,Fire,10,3,YES,1,3,NO,6560,6560,45920
229,154,250/500,1000,2047.59,0,FEMALE,MD,farming-fishing,other-relative,0,-67800,Single Vehicle Collision,Rear Collision,Minor Damage,Other,2,1,NO,0,3,NO,14460,7230,57840
230,166,100/300,1000,1083.72,0,FEMALE,High School,machine-op-inspct,wife,65600,-68200,Single Vehicle Collision,Side Collision,Total Loss,Other,18,1,NO,0,2,YES,4880,4880,43920
231,298,500/1000,1000,1138.42,6000000,MALE,JD,prof-specialty,own-child,36900,-55000,Single Vehicle Collision,Side Collision,Minor Damage,Police,18,1,NO,2,3,YES,3050,6100,24400
232,235,250/500,500,1072.62,0,FEMALE,Masters,machine-op-inspct,husband,39900,-60200,Multi-vehicle Collision,Side Collision,Total Loss,Other,7,4,NO,2,1,YES,6910,6910,55280
233,172,100/300,2000,1219.04,0,MALE,MD,handlers-cleaners,own-child,63600,-68700,Multi-vehicle Collision,Rear Collision,Major Damage,Police,19,3,NO,2,0,NO,14500,14500,50750
234,27,100/300,2000,1371.78,0,MALE,JD,farming-fishing,other-relative,0,-32500,Multi-vehicle Collision,Front Collision,Major Damage,Other,10,3,NO,0,2,YES,5360,10720,37520
235,428,100/300,2000,1506.21,0,MALE,Masters,transport-moving,unmarried,0,-24400,Multi-vehicle Collision,Side Collision,Minor Damage,Fire,16,3,NO,1,0,NO,12760,6380,57420
236,99,100/300,1000,1058.21,3000000,MALE,JD,craft-repair,unmarried,0,0,Single Vehicle Collision,Front Collision,Total Loss,Fire,17,1,YES,1,1,NO,4570,4570,31990
237,107,500/1000,2000,932.14,0,MALE,MD,sales,own-child,40600,0,Multi-vehicle Collision,Rear Collision,Total Loss,Fire,2,3,NO,2,3,NO,14300,7150,57200
238,272,500/1000,2000,1608.34,0,FEMALE,Associate,farming-fishing,own-child,33300,-10600,Single Vehicle Collision,Side Collision,Major Damage,Other,19,1,NO,1,1,NO,6460,12920,51680
239,151,500/1000,1000,1728.56,0,FEMALE,Masters,farming-fishing,own-child,54000,0,Single Vehicle Collision,Front Collision,Minor Damage,Fire,0,1,YES,1,1,NO,3530,3530,31770
240,249,250/500,1000,1518.46,0,FEMALE,MD,armed-forces,own-child,0,0,Single Vehicle Collision,Front Collision,Major Damage,Fire,16,1,NO,0,0,YES,5350,5350,42800
241,177,100/300,2000,1540.19,0,FEMALE,College,adm-clerical,other-relative,0,-74500,Single Vehicle Collision,Front Collision,Major Damage,Other,20,1,YES,2,0,NO,7370,7370,58960
242,190,500/1000,2000,965.21,0,FEMALE,JD,exec-managerial,other-relative,36900,-53700,Parked Car,Rear Collision,Trivial Damage,None,10,1,NO,2,1,YES,630,630,5040
243,174,100/300,2000,1278.75,0,FEMALE,College,tech-support,own-child,53200,-53800,Multi-vehicle Collision,Rear Collision,Total Loss,Ambulance,21,3,NO,2,2,NO,10900,10900,43600
244,95,250/500,1000,773.99,0,MALE,Associate,armed-forces,other-relative,0,-70300,Vehicle Theft,Rear Collision,Trivial Damage,None,3,1,YES,1,2,NO,640,320,2240
245,371,500/1000,1000,1532.47,0,FEMALE,Associate,tech-support,other-relative,60300,-24700,Single Vehicle Collision,Rear Collision,Major Damage,Fire,7,1,YES,0,3,YES,7540,15080,52780
246,2,250/500,1000,1340.56,0,FEMALE,JD,machine-op-inspct,not-in-family,0,0,Single Vehicle Collision,Side Collision,Minor Damage,Fire,19,1,YES,0,2,YES,6460,6460,45220
247,269,100/300,500,1297.75,4000000,FEMALE,JD,other-service,own-child,0,-41400,Multi-vehicle Collision,Rear Collision,Total Loss,Ambulance,15,3,NO,0,1,NO,15180,15180,68310
248,101,250/500,1000,433.33,0,MALE,Masters,machine-op-inspct,other-relative,25900,0,Parked Car,Rear Collision,Minor Damage,None,7,1,NO,0,3,NO,1180,590,4130
249,94,250/500,2000,1025.54,0,FEMALE,High School,armed-forces,other-relative,0,-52600,Single Vehicle Collision,Rear Collision,Major Damage,Fire,19,1,NO,1,3,YES,6410,6410,51280
250,117,250/500,500,1264.77,0,FEMALE,Associate,transport-moving,unmarried,47500,-32500,Multi-vehicle Collision,Rear Collision,Total Loss,Fire,13,2,YES,0,1,NO,5040,10080,40320
251,111,250/500,500,1459.97,5000000,MALE,MD,sales,other-relative,0,0,Multi-vehicle Collision,Side Collision,Major Damage,Police,2,3,NO,1,2,NO,7350,14700,58800
252,242,100/300,500,1238.65,0,FEMALE,High School,transport-moving,husband,0,-44600,Vehicle Theft,Rear Collision,Trivial Damage,Police,5,1,YES,1,1,NO,680,680,6120
253,440,250/500,500,1050.76,0,MALE,PhD,transport-moving,wife,41500,-70200,Single Vehicle Collision,Side Collision,Major Damage,Fire,21,1,NO,2,3,NO,5960,5960,41720
254,20,500/1000,1000,1711.72,0,FEMALE,JD,tech-support,wife,0,0,Multi-vehicle Collision,Rear Collision,Major Damage,Fire,21,3,NO,2,2,NO,5750,11500,46000
255,461,100/300,500,865.33,7000000,FEMALE,High School,farming-fishing,own-child,0,0,Multi-vehicle Collision,Side Collision,Major Damage,Ambulance,7,3,NO,0,1,NO,9840,9840,39360
256,208,250/500,500,1153.49,0,MALE,Associate,craft-repair,other-relative,0,0,Multi-vehicle Collision,Side Collision,Total Loss,Other,16,3,YES,1,0,YES,10100,5050,35350
257,279,500/1000,2000,1281.25,0,MALE,Associate,machine-op-inspct,other-relative,0,0,Single Vehicle Collision,Side Collision,Major Damage,Police,13,1,YES,0,1,NO,6410,12820,38460
258,244,100/300,500,1342.8,0,FEMALE,MD,sales,husband,0,0,Vehicle Theft,Rear Collision,Trivial Damage,Police,2,1,YES,1,3,YES,660,660,4620
259,134,250/500,2000,1443.32,0,FEMALE,PhD,exec-managerial,unmarried,0,0,Multi-vehicle Collision,Rear Collision,Major Damage,Fire,19,3,NO,0,2,YES,5310,5310,37170
260,122,250/500,1000,1629.94,0,FEMALE,Masters,priv-house-serv,other-relative,0,-47100,Parked Car,Rear Collision,Trivial Damage,None,17,1,NO,0,1,NO,350,350,3150
261,156,100/300,2000,1134.08,0,MALE,PhD,other-service,husband,0,0,Single Vehicle Collision,Front Collision,Major Damage,Police,3,1,NO,2,0,NO,5900,5900,47200
262,232,250/500,500,1483.91,8000000,MALE,College,machine-op-inspct,husband,0,-33600,Multi-vehicle Collision,Rear Collision,Major Damage,Ambulance,17,3,NO,0,1,NO,7060,14120,49420
263,244,500/1000,2000,1304.67,7000000,MALE,Masters,armed-forces,other-relative,0,-45000,Multi-vehicle Collision,Side Collision,Minor Damage,Police,5,3,NO,1,1,NO,5590,11180,44720
264,84,500/1000,2000,1035.79,0,FEMALE,MD,protective-serv,wife,44400,-51500,Single Vehicle Collision,Side Collision,Minor Damage,Police,9,1,NO,1,0,YES,5240,10480,41920
265,394,250/500,500,1401.2,0,FEMALE,High School,craft-repair,own-child,51500,0,Vehicle Theft,Rear Collision,Trivial Damage,Police,9,1,NO,1,0,NO,1060,1060,4770
266,246,250/500,1000,1665.45,0,MALE,JD,machine-op-inspct,wife,34400,-33100,Multi-vehicle Collision,Side Collision,Major Damage,Fire,9,3,NO,2,2,NO,11840,5920,35520
267,35,500/1000,2000,653.66,0,FEMALE,JD,handlers-cleaners,unmarried,52100,-46900,Multi-vehicle Collision,Rear Collision,Minor Damage,Fire,22,3,NO,0,0,NO,15660,7830,54810
268,156,100/300,500,1080.13,0,MALE,Associate,protective-serv,other-relative,0,-61000,Multi-vehicle Collision,Rear Collision,Major Damage,Ambulance,15,3,YES,0,3,NO,4610,4610,32270
269,195,100/300,2000,1346.18,0,FEMALE,Associate,machine-op-inspct,wife,57800,-53300,Multi-vehicle Collision,Front Collision,Total Loss,Fire,14,3,YES,2,3,YES,12540,6270,50160
270,369,250/500,2000,1589.54,0,MALE,College,handlers-cleaners,husband,55400,0,Multi-vehicle Collision,Rear Collision,Minor Damage,Police,6,3,NO,2,0,YES,17060,8530,59710
271,271,100/300,1000,1251.65,0,FEMALE,Associate,other-service,wife,71200,0,Parked Car,Rear Collision,Minor Damage,None,6,1,NO,0,0,NO,560,280,2240
272,332,100/300,2000,1083.01,0,MALE,MD,craft-repair,other-relative,91900,0,Multi-vehicle Collision,Front Collision,Major Damage,Police,22,4,YES,2,0,NO,11040,11040,49680
273,107,100/300,500,974.59,0,FEMALE,JD,armed-forces,wife,62800,0,Multi-vehicle Collision,Rear Collision,Minor Damage,Ambulance,14,3,NO,1,0,NO,11940,11940,35820
274,217,500/1000,2000,1399.85,0,FEMALE,Masters,other-service,other-relative,49900,-19800,Multi-vehicle Collision,Front Collision,Minor Damage,Fire,16,3,NO,0,2,NO,10820,10820,43280
275,243,500/1000,500,1307.74,0,FEMALE,Associate,machine-op-inspct,own-child,0,-75700,Multi-vehicle Collision,Front Collision,Major Damage,Ambulance,10,3,NO,0,1,NO,4170,4170,29190
276,296,250/500,2000,1219.27,0,MALE,Associate,tech-support,husband,53100,-63400,Multi-vehicle Collision,Side Collision,Total Loss,Ambulance,9,3,YES,1,2,NO,7120,7120,49840
277,264,100/300,500,1411.3,0,MALE,PhD,prof-specialty,unmarried,55600,0,Single Vehicle Collision,Rear Collision,Minor Damage,Other,4,1,NO,1,0,NO,10980,5490,43920
278,108,100/300,2000,694.45,0,FEMALE,JD,armed-forces,not-in-family,0,0,Multi-vehicle Collision,Side Collision,Major Damage,Police,6,3,NO,0,1,YES,5850,11700,46800
279,32,100/300,500,1006.77,6000000,FEMALE,College,other-service,own-child,0,0,Multi-vehicle Collision,Side Collision,Minor Damage,Police,15,3,YES,2,1,YES,14180,7090,49630
280,259,250/500,1000,1422.36,0,FEMALE,JD,craft-repair,unmarried,0,-83900,Multi-vehicle Collision,Side Collision,Minor Damage,Fire,12,3,NO,1,3,NO,7760,7760,31040
281,186,100/300,1000,1348.32,0,FEMALE,Associate,craft-repair,wife,37600,-37600,Vehicle Theft,Rear Collision,Trivial Damage,Police,3,1,NO,2,1,NO,860,860,3010
282,201,250/500,2000,1315.56,0,FEMALE,PhD,transport-moving,not-in-family,0,0,Vehicle Theft,Rear Collision,Minor Damage,Police,14,1,YES,0,0,YES,1240,1240,4340
283,436,250/500,2000,1407.01,5000000,MALE,PhD,tech-support,other-relative,47400,-27600,Single Vehicle Collision,Rear Collision,Major Damage,Police,10,1,NO,0,2,NO,11980,5990,41930
284,189,250/500,2000,1388.58,0,FEMALE,MD,priv-house-serv,own-child,0,-49400,Multi-vehicle Collision,Side Collision,Major Damage,Police,17,3,NO,1,3,YES,13260,13260,53040
285,105,500/1000,500,1310.76,0,FEMALE,High School,adm-clerical,not-in-family,0,-40900,Single Vehicle Collision,Front Collision,Total Loss,Other,8,1,YES,0,1,NO,12780,6390,51120
286,163,100/300,1000,1004.63,6000000,MALE,JD,priv-house-serv,not-in-family,26900,0,Multi-vehicle Collision,Rear Collision,Total Loss,Ambulance,14,3,YES,2,0,NO,5810,11620,46480
287,219,100/300,500,1134.91,0,FEMALE,Associate,transport-moving,not-in-family,68700,0,Vehicle Theft,Rear Collision,Trivial Damage,None,6,1,NO,1,0,NO,640,640,5120
288,88,250/500,1000,1194.0,0,FEMALE,JD,handlers-cleaners,husband,0,0,Single Vehicle Collision,Rear Collision,Major Damage,Ambulance,6,1,YES,1,2,YES,7420,7420,51940
289,40,500/1000,1000,1248.25,4000000,FEMALE,College,sales,own-child,0,-33300,Parked Car,Rear Collision,Minor Damage,Police,8,1,NO,0,2,NO,1460,1460,5840
290,284,100/300,500,1338.54,-1000000,MALE,Associate,machine-op-inspct,wife,0,0,Single Vehicle Collision,Side Collision,Major Damage,Ambulance,13,1,YES,0,1,NO,8560,17120,68480
291,59,250/500,2000,782.23,0,MALE,College,protective-serv,other-relative,64200,-32300,Multi-vehicle Collision,Front Collision,Total Loss,Ambulance,0,3,NO,0,2,NO,5730,11460,34380
292,39,250/500,2000,1366.9,0,FEMALE,High School,handlers-cleaners,husband,0,-15700,Multi-vehicle Collision,Rear Collision,Major Damage,Fire,14,3,NO,1,0,NO,10540,10540,31620
293,147,500/1000,1000,1275.81,0,MALE,High School,sales,wife,0,-48300,Single Vehicle Collision,Side Collision,Minor Damage,Fire,13,1,YES,2,2,NO,15540,15540,69930
294,156,250/500,500,1090.65,0,MALE,High School,exec-managerial,unmarried,0,-51800,Multi-vehicle Collision,Rear Collision,Minor Damage,Police,16,4,NO,1,2,YES,5340,5340,42720
295,123,250/500,500,1326.0,0,FEMALE,Associate,prof-specialty,wife,0,-54600,Single Vehicle Collision,Side Collision,Total Loss,Fire,13,1,NO,1,2,NO,12020,12020,48080
296,231,250/500,2000,972.47,0,MALE,College,protective-serv,wife,0,-58100,Multi-vehicle Collision,Front Collision,Minor Damage,Police,15,3,YES,2,2,YES,7710,15420,53970
297,247,100/300,500,806.31,0,FEMALE,College,handlers-cleaners,wife,0,0,Parked Car,Rear Collision,Trivial Damage,Police,3,1,NO,2,3,NO,600,0,2700
298,194,500/1000,500,1416.24,0,FEMALE,MD,adm-clerical,not-in-family,0,0,Parked Car,Rear Collision,Minor Damage,None,7,1,YES,1,0,NO,1080,540,4320
299,119,250/500,2000,1097.64,0,MALE,High School,transport-moving,other-relative,27100,0,Multi-vehicle Collision,Rear Collision,Major Damage,Other,16,2,NO,1,0,NO,7080,21240,35400
300,259,100/300,500,947.75,0,FEMALE,Masters,farming-fishing,not-in-family,0,-39300,Vehicle Theft,Rear Collision,Trivial Damage,Police,15,1,NO,1,3,NO,1280,640,5760
301,107,100/300,2000,1018.73,5000000,MALE,Associate,handlers-cleaners,own-child,20000,-82700,Multi-vehicle Collision,Side Collision,Total Loss,Police,21,3,YES,1,2,NO,14420,21630,57680
302,48,100/300,2000,1400.74,0,MALE,College,sales,other-relative,34000,-55600,Multi-vehicle Collision,Rear Collision,Major Damage,Police,23,3,YES,0,2,NO,17460,17460,52380
303,267,250/500,500,1155.53,5000000,MALE,JD,transport-moving,wife,0,-35200,Parked Car,Rear Collision,Trivial Damage,Police,5,1,NO,0,2,NO,1260,630,3780
304,286,250/500,500,1386.93,0,MALE,High School,priv-house-serv,husband,54100,-77600,Multi-vehicle Collision,Rear Collision,Minor Damage,Other,15,3,YES,0,0,NO,13160,6580,46060
305,175,100/300,500,915.29,0,FEMALE,JD,handlers-cleaners,wife,82400,-57100,Single Vehicle Collision,Front Collision,Major Damage,Other,14,1,NO,2,1,YES,4080,4080,28560
306,111,250/500,500,1239.55,2000000,FEMALE,PhD,farming-fishing,own-child,0,0,Single Vehicle Collision,Side Collision,Major Damage,Fire,1,1,NO,1,1,YES,4800,9600,38400
307,151,250/500,500,1366.42,0,FEMALE,Associate,protective-serv,unmarried,44000,0,Multi-vehicle Collision,Rear Collision,Total Loss,Fire,14,3,NO,1,2,YES,5910,5910,47280
308,156,500/1000,1000,1086.48,6000000,MALE,Associate,machine-op-inspct,unmarried,0,-53800,Multi-vehicle Collision,Rear Collision,Total Loss,Other,17,3,NO,1,1,YES,14080,7040,56320
309,165,250/500,2000,1247.87,0,MALE,Masters,armed-forces,husband,0,-39700,Multi-vehicle Collision,Side Collision,Total Loss,Fire,20,3,NO,2,2,NO,4570,4570,36560
310,253,100/300,2000,1312.75,0,FEMALE,PhD,sales,other-relative,81300,0,Multi-vehicle Collision,Rear Collision,Major Damage,Other,10,3,NO,2,2,YES,7340,14680,58720
311,10,100/300,2000,765.64,0,MALE,MD,sales,not-in-family,0,-22200,Multi-vehicle Collision,Front Collision,Major Damage,Ambulance,3,3,NO,0,3,NO,2850,5700,22800
312,158,100/300,2000,1327.41,0,FEMALE,Associate,handlers-cleaners,other-relative,0,-38600,Single Vehicle Collision,Side Collision,Total Loss,Other,0,1,NO,0,0,NO,3500,7000,24500
313,436,500/1000,1000,1338.55,0,MALE,PhD,protective-serv,own-child,39000,0,Multi-vehicle Collision,Side Collision,Total Loss,Police,10,3,NO,2,2,NO,13600,6800,47600
314,91,250/500,2000,1316.63,8000000,FEMALE,Masters,machine-op-inspct,unmarried,43900,0,Multi-vehicle Collision,Side Collision,Minor Damage,Other,13,3,YES,2,0,NO,13000,13000,58500
315,256,500/1000,1000,1286.44,0,FEMALE,MD,transport-moving,wife,0,-39500,Single Vehicle Collision,Rear Collision,Minor Damage,Police,14,1,NO,2,1,NO,7550,15100,52850
316,274,500/1000,1000,1372.18,0,MALE,High School,exec-managerial,not-in-family,0,0,Multi-vehicle Collision,Side Collision,Total Loss,Other,22,3,NO,1,3,NO,15100,15100,60400
317,275,500/1000,2000,1447.77,0,FEMALE,Associate,adm-clerical,wife,39400,-63900,Multi-vehicle Collision,Side Collision,Total Loss,Ambulance,8,3,YES,1,1,NO,5360,10720,48240
318,1,250/500,500,903.32,0,FEMALE,High School,transport-moving,not-in-family,0,0,Multi-vehicle Collision,Rear Collision,Minor Damage,Police,1,3,NO,1,0,NO,6340,3170,22190
319,85,500/1000,1000,1454.42,0,MALE,Associate,protective-serv,other-relative,51600,-73900,Single Vehicle Collision,Side Collision,Major Damage,Other,19,1,YES,0,1,YES,12380,12380,49520
320,233,100/300,2000,1603.42,0,FEMALE,High School,sales,wife,61600,-30200,Single Vehicle Collision,Front Collision,Total Loss,Fire,17,1,YES,0,2,YES,13420,6710,60390
321,142,250/500,2000,1616.58,0,MALE,JD,adm-clerical,husband,58500,-46800,Multi-vehicle Collision,Rear Collision,Major Damage,Other,13,3,YES,0,3,YES,6360,12720,44520
322,266,250/500,500,1611.83,0,MALE,High School,handlers-cleaners,husband,0,0,Single Vehicle Collision,Front Collision,Total Loss,Police,4,1,NO,1,2,YES,3280,3280,26240
323,350,500/1000,500,889.13,0,FEMALE,Masters,priv-house-serv,other-relative,0,0,Multi-vehicle Collision,Rear Collision,Total Loss,Police,14,3,NO,0,2,NO,9820,4910,29460
324,97,250/500,1000,1252.08,0,MALE,College,exec-managerial,not-in-family,0,0,Multi-vehicle Collision,Rear Collision,Major Damage,Other,4,2,YES,2,2,NO,10080,5040,35280
325,399,500/1000,2000,995.56,0,MALE,JD,tech-support,not-in-family,0,-65400,Multi-vehicle Collision,Side Collision,Total Loss,Police,23,3,YES,1,1,YES,17680,8840,61880
326,305,100/300,2000,1347.92,0,FEMALE,High School,farming-fishing,own-child,0,-42100,Multi-vehicle Collision,Front Collision,Total Loss,Fire,21,3,YES,0,2,NO,12100,6050,48400
327,276,100/300,1000,1724.09,0,MALE,PhD,craft-repair,own-child,0,0,Multi-vehicle Collision,Rear Collision,Minor Damage,Police,23,3,YES,0,0,NO,5980,11960,47840
328,257,250/500,500,1379.93,0,MALE,MD,armed-forces,husband,0,0,Multi-vehicle Collision,Side Collision,Major Damage,Other,6,3,NO,0,2,YES,9420,4710,37680
329,78,250/500,1000,1554.64,4000000,MALE,PhD,protective-serv,own-child,0,-27900,Single Vehicle Collision,Front Collision,Major Damage,Other,21,1,NO,1,0,NO,5060,10120,40480
330,129,500/1000,1000,1377.94,0,MALE,Masters,machine-op-inspct,not-in-family,0,0,Single Vehicle Collision,Side Collision,Major Damage,Fire,23,1,NO,2,3,NO,9920,4960,29760
331,283,500/1000,2000,1313.33,0,FEMALE,PhD,transport-moving,husband,53500,-73600,Multi-vehicle Collision,Front Collision,Major Damage,Ambulance,3,3,NO,1,3,NO,7060,14120,56480
332,85,250/500,500,1259.02,0,FEMALE,JD,tech-support,unmarried,67000,-53600,Parked Car,Rear Collision,Trivial Damage,None,8,1,NO,2,2,NO,940,940,3760
333,101,500/1000,1000,1371.88,0,FEMALE,MD,prof-specialty,husband,0,0,Parked Car,Rear Collision,Trivial Damage,None,4,1,NO,2,2,NO,580,580,2030
334,96,100/300,500,1399.27,6000000,MALE,College,prof-specialty,wife,38900,-48700,Single Vehicle Collision,Side Collision,Total Loss,Fire,22,1,NO,0,0,YES,0,6680,46760
335,121,500/1000,1000,1061.98,6000000,FEMALE,JD,armed-forces,unmarried,0,0,Single Vehicle Collision,Rear Collision,Minor Damage,Police,16,1,NO,0,1,YES,7250,7250,50750
336,176,250/500,500,1365.46,4000000,MALE,College,armed-forces,unmarried,0,-56600,Multi-vehicle Collision,Side Collision,Minor Damage,Fire,14,3,NO,2,1,NO,4920,4920,34440
337,159,500/1000,1000,894.4,0,MALE,Associate,tech-support,wife,0,-53700,Single Vehicle Collision,Rear Collision,Total Loss,Police,13,1,YES,2,0,NO,7810,7810,54670
338,120,250/500,500,956.69,0,FEMALE,Associate,priv-house-serv,husband,39600,-64300,Single Vehicle Collision,Front Collision,Minor Damage,Other,20,1,NO,1,1,YES,8710,8710,69680
339,212,500/1000,2000,1123.89,0,MALE,MD,priv-house-serv,unmarried,35400,-49200,Multi-vehicle Collision,Front Collision,Total Loss,Fire,0,3,NO,1,3,NO,4580,4580,41220
340,290,100/300,500,1085.03,0,FEMALE,JD,sales,wife,0,-61000,Multi-vehicle Collision,Side Collision,Total Loss,Police,23,3,YES,2,2,NO,12960,6480,45360
341,299,100/300,2000,1437.33,0,FEMALE,Associate,craft-repair,wife,25000,0,Single Vehicle Collision,Rear Collision,Minor Damage,Other,13,1,YES,1,3,NO,12800,12800,44800
342,66,250/500,1000,988.29,0,MALE,College,armed-forces,own-child,0,0,Single Vehicle Collision,Rear Collision,Major Damage,Police,8,1,NO,2,2,YES,0,10520,47340
343,334,500/1000,500,1238.89,0,MALE,Masters,protective-serv,other-relative,0,0,Vehicle Theft,Rear Collision,Minor Damage,None,3,1,NO,0,3,NO,960,960,4320
344,216,100/300,1000,1384.64,5000000,FEMALE,Associate,tech-support,unmarried,0,0,Single Vehicle Collision,Rear Collision,Total Loss,Police,16,1,NO,2,3,NO,16650,11100,38850
345,86,100/300,2000,1595.07,0,MALE,PhD,transport-moving,unmarried,75800,0,Single Vehicle Collision,Side Collision,Minor Damage,Police,19,1,YES,0,2,YES,11820,11820,47280
346,429,250/500,1000,1127.89,6000000,MALE,Associate,machine-op-inspct,own-child,67400,-43800,Single Vehicle Collision,Rear Collision,Minor Damage,Ambulance,0,1,YES,2,0,YES,6580,6580,26320
347,257,500/1000,2000,929.7,6000000,FEMALE,PhD,handlers-cleaners,husband,46400,-74300,Single Vehicle Collision,Front Collision,Total Loss,Other,12,1,NO,2,2,YES,10540,5270,47430
348,15,100/300,1000,1829.63,0,MALE,JD,tech-support,not-in-family,56700,0,Multi-vehicle Collision,Side Collision,Total Loss,Other,21,3,YES,1,0,NO,12300,6150,49200
349,230,100/300,1000,904.7,7000000,FEMALE,MD,craft-repair,unmarried,68600,-22300,Single Vehicle Collision,Front Collision,Major Damage,Fire,0,1,NO,1,3,NO,14840,14840,44520
350,250,500/1000,1000,1243.84,0,FEMALE,JD,tech-support,own-child,47900,-73400,Single Vehicle Collision,Side Collision,Minor Damage,Other,22,1,YES,1,3,NO,12980,12980,38940
351,270,500/1000,2000,1030.95,0,FEMALE,Associate,machine-op-inspct,other-relative,47200,0,Multi-vehicle Collision,Rear Collision,Major Damage,Ambulance,20,3,NO,1,0,NO,7180,3590,25130
352,65,100/300,500,1285.03,3000000,FEMALE,High School,craft-repair,unmarried,0,-41500,Single Vehicle Collision,Rear Collision,Minor Damage,Fire,0,1,NO,1,3,NO,5220,10440,36540
353,475,100/300,500,1216.56,0,MALE,Masters,adm-clerical,own-child,67400,-83200,Single Vehicle Collision,Front Collision,Minor Damage,Police,20,1,NO,0,2,NO,6500,13000,58500
354,77,500/1000,2000,966.26,0,FEMALE,High School,adm-clerical,own-child,56400,-32800,Multi-vehicle Collision,Front Collision,Minor Damage,Ambulance,1,3,YES,0,0,NO,6720,6720,53760
355,256,100/300,500,1203.17,0,FEMALE,MD,prof-specialty,unmarried,56700,-65600,Single Vehicle Collision,Rear Collision,Total Loss,Fire,11,1,NO,0,0,NO,11500,5750,46000
356,229,250/500,2000,1212.12,0,FEMALE,MD,craft-repair,not-in-family,65600,0,Multi-vehicle Collision,Side Collision,Major Damage,Other,14,3,YES,1,1,YES,11460,5730,51570
357,110,250/500,1000,1573.93,0,MALE,College,other-service,other-relative,30400,0,Multi-vehicle Collision,Side Collision,Minor Damage,Police,20,3,YES,0,2,NO,10840,10840,43360
358,177,100/300,1000,1609.67,0,MALE,College,adm-clerical,wife,0,-13200,Single Vehicle Collision,Side Collision,Major Damage,Ambulance,22,1,NO,1,3,NO,20700,13800,48300
359,292,500/1000,500,1097.57,0,MALE,PhD,priv-house-serv,unmarried,0,0,Single Vehicle Collision,Side Collision,Total Loss,Other,12,1,NO,1,0,YES,6170,6170,49360
360,451,250/500,2000,1618.65,2000000,FEMALE,Associate,transport-moving,unmarried,0,-42600,Multi-vehicle Collision,Rear Collision,Major Damage,Ambulance,3,3,YES,2,1,YES,15620,7810,54670
361,61,100/300,500,922.67,0,FEMALE,College,priv-house-serv,other-relative,47400,0,Multi-vehicle Collision,Rear Collision,Major Damage,Ambulance,15,3,YES,2,1,NO,9360,9360,46800
362,150,100/300,1000,1342.02,0,MALE,MD,prof-specialty,own-child,0,0,Parked Car,Rear Collision,Trivial Damage,None,8,1,YES,0,2,NO,450,450,3600
363,283,100/300,500,1195.01,0,FEMALE,Associate,sales,own-child,60700,-54300,Multi-vehicle Collision,Side Collision,Major Damage,Other,13,3,NO,0,2,NO,0,6100,36600
364,291,500/1000,1000,994.74,0,FEMALE,High School,adm-clerical,own-child,0,-55300,Parked Car,Rear Collision,Minor Damage,Police,8,1,NO,2,2,YES,620,620,4340
365,162,100/300,1000,1050.24,0,FEMALE,Masters,adm-clerical,wife,30700,0,Parked Car,Rear Collision,Minor Damage,None,7,1,NO,0,0,NO,360,720,2520
366,154,250/500,2000,1313.51,7000000,FEMALE,Masters,exec-managerial,own-child,68500,0,Vehicle Theft,Rear Collision,Trivial Damage,None,9,1,NO,2,0,NO,280,280,2240
367,289,500/1000,2000,1102.29,0,FEMALE,Associate,adm-clerical,own-child,73000,-37900,Single Vehicle Collision,Front Collision,Minor Damage,Ambulance,15,1,NO,1,0,YES,6000,6000,42000
368,10,250/500,1000,1185.78,0,FEMALE,JD,craft-repair,wife,0,-60700,Single Vehicle Collision,Side Collision,Minor Damage,Police,5,1,NO,0,2,NO,4450,8900,35600
369,309,500/1000,500,1527.95,0,MALE,PhD,exec-managerial,other-relative,69400,0,Multi-vehicle Collision,Rear Collision,Major Damage,Other,15,4,YES,0,1,NO,15560,15560,46680
370,396,100/300,1000,1366.39,0,MALE,High School,protective-serv,other-relative,0,-22400,Multi-vehicle Collision,Front Collision,Major Damage,Other,22,3,YES,2,1,NO,11680,5840,35040
371,273,500/1000,1000,1403.9,0,FEMALE,PhD,farming-fishing,own-child,0,0,Multi-vehicle Collision,Side Collision,Total Loss,Police,16,2,NO,1,2,YES,4010,8020,32080
372,129,500/1000,2000,927.23,0,FEMALE,PhD,sales,husband,51500,0,Single Vehicle Collision,Front Collision,Total Loss,Other,7,1,NO,1,3,NO,13520,6760,54080
373,140,250/500,2000,1554.86,6000000,FEMALE,JD,armed-forces,wife,59000,0,Parked Car,Rear Collision,Minor Damage,None,2,1,YES,1,2,NO,680,680,4760
374,419,500/1000,2000,736.07,6000000,MALE,College,transport-moving,unmarried,45700,0,Multi-vehicle Collision,Side Collision,Minor Damage,Police,17,4,NO,0,0,YES,5190,10380,46710
375,315,250/500,1000,974.16,6000000,FEMALE,Masters,sales,other-relative,0,-56800,Multi-vehicle Collision,Front Collision,Total Loss,Other,12,3,NO,1,0,YES,4860,4860,17010
376,72,500/1000,500,973.8,0,FEMALE,Associate,craft-repair,own-child,0,-85900,Single Vehicle Collision,Rear Collision,Major Damage,Ambulance,9,1,NO,1,0,NO,6620,6620,52960
377,32,100/300,2000,1260.32,6000000,MALE,JD,other-service,not-in-family,0,-79800,Single Vehicle Collision,Side Collision,Total Loss,Fire,16,1,NO,1,2,NO,9100,4550,31850
378,230,100/300,1000,1464.03,0,MALE,JD,transport-moving,own-child,0,0,Multi-vehicle Collision,Side Collision,Minor Damage,Ambulance,19,3,NO,2,0,NO,4420,4420,44200
379,157,100/300,2000,617.11,0,MALE,College,other-service,other-relative,0,-54100,Multi-vehicle Collision,Front Collision,Major Damage,Other,14,3,NO,1,2,NO,10160,5080,35560
380,265,250/500,2000,1724.46,6000000,FEMALE,Associate,craft-repair,own-child,81800,0,Multi-vehicle Collision,Side Collision,Total Loss,Police,18,3,NO,1,3,NO,4420,4420,35360
381,47,500/1000,500,1161.31,0,FEMALE,PhD,exec-managerial,other-relative,64800,-24300,Single Vehicle Collision,Front Collision,Minor Damage,Police,23,1,YES,1,3,NO,11440,5720,45760
382,113,250/500,2000,1091.73,0,MALE,PhD,exec-managerial,not-in-family,36100,-42300,Multi-vehicle Collision,Rear Collision,Minor Damage,Other,15,3,NO,0,2,YES,5550,5550,38850
383,289,250/500,2000,1209.07,0,MALE,JD,armed-forces,unmarried,0,0,Single Vehicle Collision,Rear Collision,Minor Damage,Ambulance,18,1,YES,0,1,YES,6270,6270,43890
384,254,250/500,2000,1241.04,0,FEMALE,Masters,protective-serv,own-child,0,0,Single Vehicle Collision,Front Collision,Minor Damage,Police,16,1,NO,2,2,YES,18220,18220,63770
385,115,500/1000,500,1757.21,0,MALE,High School,prof-specialty,wife,46400,0,Multi-vehicle Collision,Front Collision,Minor Damage,Fire,12,3,NO,1,0,YES,5460,5460,38220
386,236,250/500,1000,802.24,0,FEMALE,College,other-service,not-in-family,0,-62500,Single Vehicle Collision,Side Collision,Major Damage,Ambulance,16,1,NO,0,1,NO,16710,5570,44560
387,7,500/1000,1000,1342.72,0,MALE,Associate,machine-op-inspct,wife,0,-45300,Single Vehicle Collision,Front Collision,Total Loss,Other,21,1,NO,1,2,NO,6940,6940,48580
388,208,100/300,2000,1209.41,5000000,MALE,JD,machine-op-inspct,wife,0,0,Multi-vehicle Collision,Side Collision,Total Loss,Other,15,3,YES,0,1,NO,11420,11420,39970
389,126,500/1000,1000,1141.71,2000000,FEMALE,JD,priv-house-serv,own-child,36700,-73400,Single Vehicle Collision,Front Collision,Major Damage,Ambulance,21,1,YES,1,2,NO,6770,6770,40620
390,48,100/300,500,1090.03,0,FEMALE,JD,exec-managerial,unmarried,0,-51000,Single Vehicle Collision,Rear Collision,Major Damage,Ambulance,1,1,YES,0,2,NO,9680,4840,33880
391,297,250/500,1000,1464.73,3000000,MALE,PhD,exec-managerial,other-relative,54900,-36700,Multi-vehicle Collision,Side Collision,Total Loss,Fire,17,3,NO,0,0,NO,5720,5720,40040
392,160,100/300,1000,1118.58,0,FEMALE,High School,prof-specialty,husband,0,-36600,Multi-vehicle Collision,Rear Collision,Total Loss,Fire,5,3,NO,2,1,NO,5170,10340,36190
393,406,250/500,2000,1117.04,0,MALE,MD,exec-managerial,own-child,0,-42700,Multi-vehicle Collision,Front Collision,Total Loss,Other,15,3,NO,1,2,NO,10920,5460,49140
394,157,500/1000,500,1257.83,7000000,MALE,High School,farming-fishing,own-child,40700,-41600,Multi-vehicle Collision,Rear Collision,Major Damage,Other,2,4,NO,2,2,NO,4770,9540,33390
395,146,250/500,2000,1082.72,0,FEMALE,PhD,machine-op-inspct,not-in-family,61400,-57500,Vehicle Theft,Rear Collision,Minor Damage,None,3,1,YES,2,0,NO,580,580,4060
396,409,100/300,1000,1191.8,6000000,MALE,High School,protective-serv,unmarried,55600,0,Single Vehicle Collision,Side Collision,Major Damage,Other,19,1,NO,1,0,NO,6110,12220,54990
397,252,100/300,1000,1242.02,0,MALE,Masters,adm-clerical,wife,0,-28800,Single Vehicle Collision,Front Collision,Minor Damage,Fire,17,1,YES,0,2,YES,14980,7490,52430
398,6,250/500,500,1075.71,0,FEMALE,High School,prof-specialty,unmarried,0,-47400,Vehicle Theft,Rear Collision,Trivial Damage,Police,7,1,NO,0,1,YES,580,290,2320
399,103,100/300,1000,969.88,6000000,MALE,MD,armed-forces,own-child,0,0,Single Vehicle Collision,Rear Collision,Minor Damage,Ambulance,21,1,NO,1,0,YES,12820,6410,57690
400,369,250/500,2000,1459.93,0,FEMALE,Masters,priv-house-serv,not-in-family,0,0,Multi-vehicle Collision,Front Collision,Total Loss,Police,10,2,YES,1,3,NO,7090,14180,56720
401,261,500/1000,1000,1245.61,0,MALE,MD,transport-moving,own-child,0,0,Single Vehicle Collision,Front Collision,Total Loss,Fire,11,1,YES,1,0,NO,9180,9180,41310
402,159,100/300,2000,1462.76,0,FEMALE,College,craft-repair,husband,69200,-36900,Multi-vehicle Collision,Rear Collision,Major Damage,Ambulance,23,3,YES,2,0,NO,8160,4080,32640
403,344,100/300,2000,1398.46,0,MALE,Associate,sales,other-relative,0,0,Single Vehicle Collision,Side Collision,Minor Damage,Ambulance,14,1,NO,0,2,NO,7530,15060,60240
404,437,500/1000,1000,1269.64,0,FEMALE,College,armed-forces,unmarried,48800,0,Single Vehicle Collision,Front Collision,Minor Damage,Other,10,1,NO,1,3,NO,7680,15360,61440
405,65,100/300,500,1455.65,4000000,FEMALE,College,transport-moving,wife,0,-66300,Multi-vehicle Collision,Side Collision,Total Loss,Fire,6,3,NO,2,3,NO,15960,7980,55860
406,280,500/1000,2000,1140.31,0,MALE,MD,adm-clerical,husband,29300,-64700,Multi-vehicle Collision,Rear Collision,Minor Damage,Police,10,3,NO,0,3,YES,9640,9640,33740
407,269,500/1000,500,1330.46,0,FEMALE,High School,machine-op-inspct,wife,54800,-64100,Multi-vehicle Collision,Side Collision,Total Loss,Police,5,3,NO,0,0,NO,2200,4400,17600
408,275,250/500,2000,1190.6,0,MALE,Masters,exec-managerial,unmarried,0,-45300,Single Vehicle Collision,Rear Collision,Minor Damage,Fire,17,1,NO,1,3,YES,7860,7860,27510
409,265,250/500,500,972.5,0,FEMALE,College,exec-managerial,unmarried,0,0,Vehicle Theft,Rear Collision,Trivial Damage,None,3,1,NO,2,3,NO,290,580,2320
410,283,100/300,2000,1161.91,0,FEMALE,Associate,adm-clerical,not-in-family,0,-50400,Parked Car,Rear Collision,Minor Damage,None,9,1,NO,0,3,NO,1300,650,3900
411,84,250/500,1000,1117.17,0,FEMALE,High School,machine-op-inspct,not-in-family,0,-29900,Parked Car,Rear Collision,Trivial Damage,Police,6,1,YES,2,0,YES,620,1240,4960
412,247,250/500,2000,1101.51,0,FEMALE,College,farming-fishing,not-in-family,64000,0,Multi-vehicle Collision,Front Collision,Minor Damage,Fire,22,3,NO,2,2,NO,11580,11580,46320
413,56,100/300,1000,1523.17,0,MALE,Masters,prof-specialty,own-child,0,0,Multi-vehicle Collision,Front Collision,Major Damage,Fire,10,3,NO,1,2,YES,7880,15760,70920
414,210,500/1000,1000,984.45,0,MALE,Associate,armed-forces,unmarried,0,0,Vehicle Theft,Rear Collision,Minor Damage,None,4,1,YES,1,2,NO,780,780,6240
415,108,500/1000,2000,1257.0,4000000,FEMALE,High School,machine-op-inspct,unmarried,63900,-43700,Single Vehicle Collision,Front Collision,Total Loss,Other,23,1,NO,1,3,NO,5570,11140,44560
416,328,500/1000,500,1434.51,0,FEMALE,Masters,transport-moving,wife,0,0,Single Vehicle Collision,Rear Collision,Total Loss,Police,19,1,NO,0,2,YES,8930,8930,53580
417,186,250/500,2000,1628.0,0,FEMALE,JD,priv-house-serv,unmarried,0,0,Single Vehicle Collision,Rear Collision,Total Loss,Ambulance,22,1,YES,1,2,YES,11120,5560,38920
418,277,500/1000,500,1412.31,0,MALE,High School,priv-house-serv,unmarried,0,0,Vehicle Theft,Rear Collision,Trivial Damage,Police,6,1,NO,1,3,NO,1000,500,3500
419,138,250/500,500,1362.87,5000000,FEMALE,JD,exec-managerial,own-child,56900,-56900,Single Vehicle Collision,Side Collision,Minor Damage,Other,6,1,NO,2,0,NO,14740,14740,66330
420,208,100/300,1000,1134.68,0,FEMALE,College,tech-support,husband,0,0,Single Vehicle Collision,Rear Collision,Major Damage,Ambulance,18,1,NO,2,2,NO,6930,13860,48510
421,147,250/500,1000,1306.78,0,MALE,MD,prof-specialty,other-relative,0,0,Single Vehicle Collision,Front Collision,Total Loss,Ambulance,22,1,NO,1,0,NO,13520,20280,47320
422,8,500/1000,500,1021.9,0,MALE,High School,handlers-cleaners,husband,0,0,Single Vehicle Collision,Front Collision,Major Damage,Other,21,1,NO,0,0,NO,14040,14040,63180
423,297,100/300,1000,1538.6,0,FEMALE,MD,other-service,wife,0,-54700,Single Vehicle Collision,Side Collision,Minor Damage,Fire,12,1,NO,0,0,NO,6060,12120,42420
424,150,500/1000,1000,1354.5,0,MALE,Masters,machine-op-inspct,husband,52800,0,Multi-vehicle Collision,Front Collision,Major Damage,Ambulance,6,3,NO,0,3,YES,6480,12960,45360
425,4,500/1000,500,1282.93,0,FEMALE,College,exec-managerial,other-relative,0,0,Multi-vehicle Collision,Side Collision,Major Damage,Police,0,4,NO,0,0,NO,6080,12160,48640
426,210,500/1000,1000,1346.27,0,MALE,Masters,farming-fishing,not-in-family,44900,-91400,Single Vehicle Collision,Front Collision,Total Loss,Ambulance,11,1,NO,0,2,NO,5820,5820,46560
427,91,100/300,1000,1338.4,4000000,FEMALE,High School,priv-house-serv,own-child,63600,0,Single Vehicle Collision,Side Collision,Minor Damage,Police,19,1,NO,1,0,NO,6730,6730,47110
428,167,100/300,1000,949.44,0,FEMALE,Masters,exec-managerial,other-relative,0,-38400,Multi-vehicle Collision,Rear Collision,Major Damage,Ambulance,22,3,NO,0,0,NO,8710,8710,52260
429,467,500/1000,2000,977.4,0,MALE,Masters,transport-moving,own-child,82200,0,Single Vehicle Collision,Front Collision,Total Loss,Fire,2,1,YES,2,3,NO,5570,11140,38990
430,264,250/500,2000,1181.46,10000000,FEMALE,JD,transport-moving,other-relative,0,-67400,Multi-vehicle Collision,Front Collision,Total Loss,Ambulance,16,4,YES,1,2,YES,5670,5670,51030
431,270,500/1000,500,1187.53,0,FEMALE,PhD,priv-house-serv,not-in-family,83200,-53300,Multi-vehicle Collision,Side Collision,Total Loss,Other,23,3,NO,0,0,YES,9880,0,44460
432,310,100/300,1000,845.16,0,FEMALE,Masters,priv-house-serv,other-relative,0,0,Single Vehicle Collision,Front Collision,Major Damage,Police,21,1,YES,1,0,NO,6130,6130,42910
433,143,100/300,500,1442.27,0,MALE,College,priv-house-serv,wife,67900,0,Single Vehicle Collision,Front Collision,Minor Damage,Other,10,1,NO,2,3,YES,11700,5850,40950
434,146,100/300,2000,1276.43,0,MALE,Associate,priv-house-serv,own-child,0,0,Single Vehicle Collision,Rear Collision,Major Damage,Fire,12,1,NO,0,3,NO,6660,6660,46620
435,102,250/500,500,1075.41,0,MALE,MD,machine-op-inspct,wife,55200,0,Single Vehicle Collision,Side Collision,Total Loss,Police,6,1,NO,1,0,NO,7340,7340,58720
436,61,100/300,500,1111.72,0,MALE,JD,exec-managerial,other-relative,54600,0,Single Vehicle Collision,Side Collision,Major Damage,Fire,6,1,NO,1,2,NO,4650,4650,32550
437,255,500/1000,2000,814.96,6000000,FEMALE,PhD,priv-house-serv,not-in-family,68500,0,Parked Car,Rear Collision,Trivial Damage,Police,7,1,NO,2,2,NO,640,1280,4480
438,211,500/1000,1000,1575.86,0,FEMALE,PhD,other-service,own-child,0,0,Vehicle Theft,Rear Collision,Trivial Damage,Police,3,1,NO,1,1,NO,580,290,2320
439,61,250/500,1000,1115.27,0,MALE,JD,handlers-cleaners,unmarried,0,-66000,Parked Car,Rear Collision,Trivial Damage,None,10,1,YES,2,1,YES,590,590,4720
440,108,500/1000,2000,1175.7,0,MALE,Masters,protective-serv,not-in-family,0,0,Single Vehicle Collision,Rear Collision,Total Loss,Fire,14,1,NO,0,2,NO,6370,6370,44590
441,303,100/300,500,793.15,0,MALE,MD,tech-support,own-child,54600,-45500,Multi-vehicle Collision,Front Collision,Total Loss,Other,17,3,NO,0,3,NO,13660,13660,54640
442,152,250/500,500,942.51,0,FEMALE,PhD,transport-moving,wife,0,0,Single Vehicle Collision,Side Collision,Major Damage,Fire,16,1,YES,0,0,NO,6400,19200,44800
443,120,500/1000,1000,1056.71,0,FEMALE,JD,protective-serv,not-in-family,77900,0,Parked Car,Rear Collision,Minor Damage,None,3,1,NO,2,1,NO,580,580,2610
444,144,500/1000,2000,1255.68,6000000,FEMALE,Associate,sales,other-relative,23600,-15600,Parked Car,Rear Collision,Minor Damage,None,7,1,NO,0,0,NO,740,1480,5180
445,414,500/1000,500,1335.13,0,FEMALE,High School,farming-fishing,unmarried,44000,-71000,Single Vehicle Collision,Rear Collision,Total Loss,Police,13,1,YES,1,1,NO,6090,6090,42630
446,163,250/500,500,1178.95,6000000,FEMALE,JD,priv-house-serv,own-child,0,-67300,Single Vehicle Collision,Rear Collision,Total Loss,Fire,20,1,YES,2,3,YES,4940,9880,34580
447,352,250/500,500,1793.16,0,MALE,Associate,tech-support,wife,0,0,Single Vehicle Collision,Front Collision,Minor Damage,Fire,23,1,YES,2,2,NO,12500,6250,50000
448,27,100/300,500,1008.38,0,FEMALE,PhD,adm-clerical,other-relative,37900,0,Single Vehicle Collision,Front Collision,Total Loss,Ambulance,11,1,NO,1,0,NO,12300,6150,43050
449,239,100/300,500,1396.83,0,FEMALE,Masters,other-service,husband,0,0,Multi-vehicle Collision,Rear Collision,Major Damage,Ambulance,0,4,NO,0,3,NO,6990,13980,55920
450,33,100/300,500,1402.78,5000000,FEMALE,PhD,other-service,husband,70300,-50300,Single Vehicle Collision,Rear Collision,Minor Damage,Ambulance,2,1,YES,0,1,NO,6230,12460,37380
451,88,100/300,1000,1437.88,0,FEMALE,College,transport-moving,husband,42800,-51200,Single Vehicle Collision,Side Collision,Total Loss,Fire,3,1,NO,2,0,YES,14000,0,42000
452,101,500/1000,1000,1313.64,0,FEMALE,College,priv-house-serv,unmarried,12100,0,Parked Car,Rear Collision,Trivial Damage,None,3,1,YES,1,0,NO,780,390,3120
453,20,250/500,500,1482.14,0,FEMALE,Associate,transport-moving,husband,33000,-43600,Multi-vehicle Collision,Rear Collision,Total Loss,Other,15,3,NO,2,1,NO,6750,6750,47250
454,126,250/500,2000,1171.75,0,FEMALE,Associate,machine-op-inspct,not-in-family,46500,-42700,Single Vehicle Collision,Side Collision,Minor Damage,Other,23,1,NO,2,3,NO,4430,4430,39870
455,264,500/1000,2000,1353.33,0,MALE,Associate,adm-clerical,not-in-family,0,-8500,Multi-vehicle Collision,Front Collision,Minor Damage,Police,9,3,YES,2,0,NO,17300,17300,60550
456,78,100/300,500,1175.51,0,MALE,Masters,craft-repair,husband,0,0,Vehicle Theft,Rear Collision,Minor Damage,Police,20,1,NO,0,1,YES,680,680,6120
457,123,100/300,2000,1836.02,0,MALE,Masters,transport-moving,own-child,38000,-41200,Single Vehicle Collision,Side Collision,Major Damage,Ambulance,5,1,NO,2,1,YES,13300,6650,59850
458,347,500/1000,500,1480.79,9000000,FEMALE,MD,priv-house-serv,unmarried,0,-12100,Single Vehicle Collision,Side Collision,Total Loss,Other,15,1,YES,0,2,NO,8630,17260,77670
459,163,500/1000,2000,1453.92,0,FEMALE,PhD,other-service,other-relative,51700,0,Single Vehicle Collision,Side Collision,Minor Damage,Ambulance,13,1,YES,2,3,NO,15900,7950,55650
460,271,250/500,500,1340.71,0,FEMALE,High School,tech-support,other-relative,0,0,Single Vehicle Collision,Rear Collision,Minor Damage,Other,16,1,NO,2,2,NO,6930,13860,55440
461,410,100/300,2000,714.03,0,MALE,MD,protective-serv,own-child,0,-17000,Single Vehicle Collision,Side Collision,Minor Damage,Ambulance,0,1,YES,0,2,NO,9920,9920,39680
462,448,100/300,2000,1376.16,0,FEMALE,PhD,tech-support,own-child,38600,-50300,Multi-vehicle Collision,Front Collision,Major Damage,Police,10,3,NO,2,1,NO,5970,5970,35820
463,218,100/300,500,914.22,0,MALE,JD,prof-specialty,wife,37900,-72900,Multi-vehicle Collision,Side Collision,Total Loss,Police,14,3,NO,2,0,NO,15380,7690,61520
464,43,500/1000,1000,1601.47,0,MALE,PhD,handlers-cleaners,other-relative,64400,0,Multi-vehicle Collision,Front Collision,Total Loss,Other,1,3,YES,2,2,NO,6850,6850,47950
465,33,500/1000,1000,1096.79,6000000,FEMALE,Associate,handlers-cleaners,unmarried,45500,-60600,Single Vehicle Collision,Rear Collision,Major Damage,Police,16,1,NO,2,1,NO,8140,8140,65120
466,126,100/300,2000,1078.22,0,FEMALE,Masters,transport-moving,wife,54500,0,Multi-vehicle Collision,Side Collision,Major Damage,Fire,2,3,NO,0,1,YES,10620,5310,42480
467,411,250/500,1000,1595.28,0,FEMALE,College,protective-serv,other-relative,0,0,Multi-vehicle Collision,Side Collision,Major Damage,Ambulance,23,3,NO,0,0,NO,3510,3510,31590
468,225,100/300,1000,1217.84,5000000,FEMALE,High School,farming-fishing,not-in-family,49600,0,Multi-vehicle Collision,Front Collision,Minor Damage,Fire,19,3,NO,2,2,NO,9600,9600,38400
469,35,100/300,2000,1117.42,0,FEMALE,PhD,protective-serv,not-in-family,0,-51900,Multi-vehicle Collision,Side Collision,Minor Damage,Fire,23,3,NO,2,2,NO,5910,11820,35460
470,460,100/300,2000,1567.37,0,FEMALE,JD,craft-repair,husband,62500,0,Single Vehicle Collision,Front Collision,Major Damage,Other,10,1,NO,2,3,NO,5830,11660,40810
471,195,500/1000,2000,1294.93,6000000,MALE,MD,tech-support,unmarried,38000,-50300,Multi-vehicle Collision,Front Collision,Minor Damage,Ambulance,12,3,YES,1,2,NO,7180,0,57440
472,360,250/500,1000,1152.12,0,MALE,PhD,armed-forces,not-in-family,0,-62400,Multi-vehicle Collision,Side Collision,Total Loss,Ambulance,15,3,NO,2,0,YES,15080,15080,60320
473,300,100/300,1000,1441.21,0,FEMALE,PhD,farming-fishing,wife,0,0,Vehicle Theft,Rear Collision,Trivial Damage,None,3,1,NO,1,0,NO,1180,1180,4720
474,245,500/1000,1000,1575.74,7000000,MALE,JD,exec-managerial,other-relative,0,-68900,Parked Car,Rear Collision,Minor Damage,Police,19,1,NO,2,2,NO,590,1180,4720
475,146,500/1000,2000,1233.96,0,FEMALE,Masters,other-service,other-relative,34500,-60600,Multi-vehicle Collision,Side Collision,Total Loss,Police,16,3,NO,1,1,NO,5590,5590,44720
476,67,250/500,1000,1861.43,0,MALE,High School,adm-clerical,husband,60400,-67800,Single Vehicle Collision,Rear Collision,Major Damage,Other,16,1,NO,0,3,YES,6380,6380,51040
477,380,100/300,1000,1570.86,0,MALE,MD,farming-fishing,other-relative,66000,0,Single Vehicle Collision,Side Collision,Total Loss,Police,10,1,NO,0,1,YES,7270,7270,43620
478,389,500/1000,2000,791.47,0,MALE,Masters,armed-forces,unmarried,0,0,Vehicle Theft,Rear Collision,Minor Damage,Police,6,1,NO,1,2,NO,630,1260,4410
479,317,250/500,1000,1012.78,0,MALE,MD,sales,other-relative,43700,0,Single Vehicle Collision,Front Collision,Major Damage,Fire,18,1,NO,2,1,NO,19020,19020,66570
480,264,100/300,500,1047.06,6000000,MALE,College,exec-managerial,wife,0,0,Multi-vehicle Collision,Rear Collision,Major Damage,Fire,20,3,NO,0,2,NO,12700,6350,50800
481,20,250/500,1000,1390.29,0,FEMALE,Masters,priv-house-serv,other-relative,0,-41200,Single Vehicle Collision,Rear Collision,Minor Damage,Fire,14,1,NO,0,0,NO,12580,6290,44030
482,116,500/1000,500,951.46,0,MALE,JD,handlers-cleaners,not-in-family,0,-35500,Multi-vehicle Collision,Front Collision,Major Damage,Other,8,3,NO,0,3,NO,6630,6630,46410
483,222,100/300,1000,1226.78,0,MALE,JD,armed-forces,unmarried,49600,-49200,Multi-vehicle Collision,Rear Collision,Minor Damage,Other,17,2,YES,2,0,NO,16300,8150,57050
484,439,100/300,500,1280.9,0,MALE,High School,armed-forces,own-child,48900,-40900,Single Vehicle Collision,Rear Collision,Minor Damage,Ambulance,9,1,NO,2,0,NO,15000,5000,30000
485,66,100/300,2000,1472.77,0,MALE,Associate,adm-clerical,husband,0,-31700,Single Vehicle Collision,Front Collision,Total Loss,Other,0,1,NO,2,1,NO,8780,8780,30730
486,128,500/1000,1000,1878.44,0,MALE,High School,other-service,husband,0,-76000,Single Vehicle Collision,Rear Collision,Total Loss,Fire,2,1,NO,0,0,NO,5370,5370,48330
487,69,500/1000,500,1418.5,0,FEMALE,High School,armed-forces,other-relative,0,0,Multi-vehicle Collision,Rear Collision,Minor Damage,Police,23,3,NO,0,0,NO,12660,6330,44310
488,294,100/300,500,1532.8,0,MALE,College,prof-specialty,own-child,0,0,Single Vehicle Collision,Side Collision,Total Loss,Other,8,1,NO,0,3,YES,11960,11960,41860
489,19,250/500,500,1304.35,0,MALE,JD,transport-moving,not-in-family,0,0,Multi-vehicle Collision,Front Collision,Total Loss,Ambulance,6,3,NO,0,2,NO,11600,11600,52200
490,191,500/1000,2000,1551.61,0,MALE,High School,armed-forces,unmarried,45000,-30400,Vehicle Theft,Rear Collision,Minor Damage,None,3,1,YES,1,1,NO,250,250,1750
491,4,100/300,1000,1326.98,6000000,FEMALE,High School,machine-op-inspct,unmarried,64200,0,Multi-vehicle Collision,Front Collision,Minor Damage,Ambulance,14,3,YES,1,3,NO,4510,9020,40590
492,298,250/500,500,862.92,0,MALE,MD,machine-op-inspct,wife,0,-71700,Multi-vehicle Collision,Side Collision,Major Damage,Other,16,3,NO,0,2,NO,11580,11580,46320
493,231,100/300,2000,1331.69,0,FEMALE,Masters,adm-clerical,not-in-family,0,0,Single Vehicle Collision,Rear Collision,Minor Damage,Police,12,1,NO,1,2,NO,10300,10300,46350
494,338,250/500,2000,1486.04,0,FEMALE,Associate,armed-forces,own-child,0,-56200,Multi-vehicle Collision,Rear Collision,Major Damage,Other,1,3,NO,2,3,NO,12820,6410,44870
495,261,100/300,1000,870.55,0,MALE,PhD,prof-specialty,unmarried,0,-49400,Single Vehicle Collision,Rear Collision,Minor Damage,Other,19,1,NO,0,3,NO,13380,13380,53520
496,321,500/1000,2000,1344.56,6000000,MALE,Associate,machine-op-inspct,husband,0,-39100,Vehicle Theft,Rear Collision,Trivial Damage,Police,7,1,NO,1,2,NO,520,0,4160
497,0,500/1000,1000,1377.04,0,MALE,College,tech-support,wife,61400,-41100,Multi-vehicle Collision,Rear Collision,Minor Damage,Ambulance,6,4,NO,1,1,NO,6620,6620,26480
498,405,250/500,500,1237.88,0,MALE,MD,exec-managerial,not-in-family,0,-46900,Single Vehicle Collision,Front Collision,Major Damage,Police,11,1,NO,0,0,NO,5780,5780,52020
499,304,100/300,1000,1525.86,0,FEMALE,PhD,craft-repair,own-child,0,0,Single Vehicle Collision,Side Collision,Minor Damage,Other,2,1,YES,1,1,YES,13340,6670,53360
500,30,250/500,500,0.42,0,MALE,MD,adm-clerical,husband,100,-100,Single Vehicle Collision,Side Collision,Major Damage,None,1,1,YES,1,0,YES,66,37,17
